car_serial_id,brand_id,name
3170,33,奥迪A3
692,33,奥迪A4L
18,33,奥迪A6L
4526,33,奥迪A6L新能源
2951,33,奥迪Q3
812,33,奥迪Q5
3304,33,奥迪Q4
19,33,奥迪A4
509,33,奥迪A6
2733,33,奥迪RS 4
2731,33,奥迪RS 3
2737,33,奥迪RS 6
2994,33,奥迪RS 7
511,33,奥迪R8
2741,33,奥迪TT RS
2735,33,奥迪RS 5
2760,33,奥迪RS Q3
650,33,奥迪A1
370,33,奥迪A3(进口)
4325,33,奥迪A3新能源(进口)
2730,33,奥迪S3
471,33,奥迪A4(进口)
538,33,奥迪A5
2734,33,奥迪S5
472,33,奥迪A6(进口)
2736,33,奥迪S6
740,33,奥迪A7
2738,33,奥迪S7
146,33,奥迪A8
2739,33,奥迪S8
593,33,奥迪Q5(进口)
2841,33,奥迪SQ5
412,33,奥迪Q7
4460,33,奥迪Q7新能源
148,33,奥迪TT
2740,33,奥迪TTS
3325,33,奥迪A0
3276,33,奥迪S1
926,33,奥迪e-tron
2732,33,奥迪S4
4543,33,奥迪Aicon
3669,33,Prologue
3313,33,奥迪A9
3350,33,allroad
2908,33,Crosslane Coupe
3287,33,奥迪Q2
2264,33,奥迪Q3(进口)
3479,33,奥迪TT offroad
3894,33,e-tron quattro
4003,33,h-tron quattro
4544,33,奥迪Elaine
3305,33,奥迪Q4(进口)
4288,33,奥迪Q8
3822,33,奥迪SQ7
3334,33,奥迪Q9
3210,33,Nanuk
2218,33,quattro
2832,33,奥迪R18
2403,33,奥迪Urban
2415,33,奥迪A2
3910,33,奥迪80
3909,33,奥迪Coupe
3680,33,奥迪100
787,33,奥迪Cross
923,35,Rapide
385,35,V8 Vantage
822,35,V12 Vantage
266,35,阿斯顿・马丁DB9
386,35,Vanquish
3891,35,阿斯顿・马丁DB11
2075,35,Cygnet
4159,35,Valkyrie
2275,35,Virage
3730,35,Vulcan
3144,35,阿斯顿・马丁CC100
3678,35,阿斯顿・马丁DB10
3004,35,阿斯顿・马丁DB5
3742,35,阿斯顿・马丁DBX
3550,35,阿斯顿・马丁DP-100
884,35,拉共达Taraf
3329,35,Ulster
2846,35,V12 Zagato
582,35,阿斯顿・马丁DBS
729,35,阿斯顿・马丁One-77
2745,221,宝斯通
2097,117,AC Schnitzer X5
2100,117,AC Schnitzer 3系
2148,117,AC Schnitzer 7系
2098,117,AC Schnitzer X6
3750,117,AC Schnitzer M4
3825,34,Giulia
4196,34,Stelvio
715,34,MiTo
1021,34,Giulietta
2288,34,ALFA 4C
2715,34,Disco Volante
3030,34,Gloria
399,34,ALFA 147
179,34,ALFA 156
778,34,ALFA 159
400,34,ALFA 166
2076,34,ALFA 2uettottanta
781,34,ALFA 8C
401,34,ALFA GT
3883,34,ALFA S.Z.
2170,34,ALFA TZ3
4522,272,LITE
4109,272,ARCFOX-1
4106,272,ARCFOX-7
4212,276,ALPINA B4
4352,276,ALPINA B3
4534,276,ALPINA D5
4583,276,ALPINA XD3
2366,134,ABT A3
2368,134,ABT A5
2443,134,ABT TT
4457,292,Agile Automotive SC122
4456,292,Agile Automotive SCX
4051,253,Apollo N
4050,253,Arrow
4596,253,Intensa Emozione
4044,251,AF8 Cassini
4034,251,Arash AF10
4638,310,Aria FXE
4532,303,ATS GT
4184,273,艾康尼克七系
4769,327,爱驰U5 ION
4839,327,爱驰RG
588,36,奔驰C级
197,36,奔驰E级
3248,36,奔驰GLA
3862,36,奔驰GLC
4764,36,奔驰A级
4349,36,奔驰C级新能源
2562,36,奔驰GLK级
3823,36,奔驰V级
2084,36,威霆
2564,36,凌特
2034,36,唯雅诺
52,36,奔驰A级(进口)
398,36,奔驰B级
2966,36,奔驰CLA级
56,36,奔驰C级(进口)
450,36,奔驰E级(进口)
365,36,奔驰CLS级
59,36,奔驰S级
4344,36,奔驰S级新能源
3339,36,奔驰GLC(进口)
3683,36,奔驰GLE
4346,36,奔驰GLE新能源
60,36,奔驰G级
3688,36,奔驰GLS
469,36,奔驰R级
3278,36,奔驰SLC
237,36,奔驰SL级
4411,36,Concept A Sedan
4537,36,奔驰EQ A
4729,36,奔驰C级新能源(进口)
3918,36,Concept IAA
4723,36,奔驰E级新能源(进口)
2065,36,奔驰F800
3700,36,奔驰F 015
3650,36,G-Code
4213,36,Generation EQ
3079,36,奔驰GLA(进口)
2950,36,Ener-G-Force
3441,36,Coupe SUV
3494,36,乌尼莫克U5000 SUV
2005,36,Sprinter
4697,36,Sprinter新能源
3945,36,Vision Tokyo
2756,36,奔驰Citan
3364,36,奔驰V级(进口)
192,36,威霆(进口)
2618,36,Silver Arrow
2762,36,奔驰CSC级
2424,36,奔驰F125
2412,36,奔驰SLA级
4195,36,Vision Van
4231,36,奔驰X级
910,36,BlueZero
595,36,奔驰GLK级(进口)
57,36,奔驰M级
467,36,奔驰GL级
300,36,唯雅诺(进口)
2233,36,Biome
235,36,奔驰CLK级
683,36,奔驰CL级
267,36,奔驰SLK级
685,36,奔驰SLR级
2842,36,奔驰A级AMG
2967,36,奔驰CLA级AMG
2717,36,奔驰C级AMG
2719,36,奔驰CLS级AMG
2718,36,奔驰E级AMG
2197,36,奔驰S级AMG
3264,36,奔驰GLA AMG
4074,36,奔驰GLC AMG
3704,36,奔驰GLE AMG
2723,36,奔驰G级AMG
3901,36,奔驰GLS AMG
3451,36,AMG GT
4364,36,GT Concept
2721,36,奔驰SLK级AMG
2720,36,奔驰SL级AMG
4542,36,Project ONE
3246,36,Vision
3985,36,奔驰SLC AMG
2722,36,奔驰M级AMG
2833,36,奔驰GL级AMG
2724,36,奔驰CL级AMG
914,36,奔驰SLS级AMG
3665,36,迈巴赫S级
4300,36,迈巴赫G级
4785,36,至臻豪华概念车
4183,36,Vision Mercedes-Maybach 6
3104,14,杰德
135,14,思域
3859,14,哥瑞
4179,14,竞瑞
859,14,思铂睿
3582,14,本田XR-V
314,14,本田CR-V
4304,14,本田UR-V
2565,14,艾力绅
4809,14,INSPIRE
2784,14,本田S
81,14,飞度
3876,14,锋范
3085,14,凌派
78,14,雅阁
3460,14,缤智
4102,14,冠道
880,14,奥德赛
2786,14,本田C
694,14,锋范经典
449,14,思迪
2168,14,歌诗图
897,14,本田CR-Z
2238,14,Brio
3001,14,Gear
2856,14,N BOX
4546,14,本田Urban EV
4360,14,NeuV
3233,14,N-WGN
4783,14,Small RS
900,14,飞度(进口)
3275,14,锋范(海外)
3266,14,CLARITY
3478,14,CONCEPT B
723,14,INSIGHT
3367,14,Vision XS-1
3705,14,杰德(海外)
896,14,思域(海外)
4558,14,Honda Design C 001
2552,14,本田AC-X
2948,14,歌诗图(海外)
559,14,雅阁(海外)
231,14,里程
3257,14,VEZEL
3605,14,本田HR-V
2995,14,本田Urban
4248,14,本田WR-V
3268,14,CONCEPT V
3869,14,本田BR-V
918,14,本田CR-V(海外)
3813,14,CONCEPT D
810,14,Pilot
3111,14,CONCEPT M
4163,14,Freed
4127,14,STEP WGN
733,14,奥德赛(海外)
2587,14,EV-Ster
4565,14,Sports EV Concept
2700,14,本田NSX
3232,14,本田S660
2551,14,Ridgeline
3692,14,本田FCV
935,14,本田FCX
667,14,Legend
956,14,元素
233,14,时韵
2042,14,本田HSV-010 GT
746,14,本田S2000
4171,15,宝马1系
3941,15,宝马2系旅行车
66,15,宝马3系
65,15,宝马5系
4350,15,宝马5系新能源
2561,15,宝马X1
4356,15,宝马X1新能源
4658,15,宝马X3
2388,15,宝马i3
373,15,宝马1系(进口)
317,15,宝马3系(进口)
2963,15,宝马3系GT
2968,15,宝马4系
202,15,宝马5系(进口)
2847,15,宝马5系GT
270,15,宝马6系
4472,15,宝马6系GT
153,15,宝马7系
4345,15,宝马7系新能源
3053,15,宝马X4
159,15,宝马X5
4348,15,宝马X5新能源
587,15,宝马X6
3726,15,宝马2系多功能旅行车
3230,15,宝马2系
2387,15,宝马i8
161,15,宝马Z4
271,15,宝马X3(进口)
3965,15,Compact Sedan
4547,15,i Vision Dynamics
3302,15,宝马2系旅行车(进口)
4724,15,宝马2系旅行车新能源(进口)
4067,15,VISION NEXT 100
3471,15,Vision Future Luxury
675,15,宝马X1(进口)
3386,15,宝马X2
4838,15,宝马iX3
3362,15,宝马X7
4539,15,宝马X7新能源
4136,15,2002 Hommage
3843,15,3.0 CSL Hommage
3146,15,Gran Lusso
3996,15,i Vision Future Interaction
2831,15,Zagato Coupe
3464,15,宝马8系
3496,15,宝马Z2
2438,15,Isetta
2897,15,Active Tourer
2167,15,Gran Coupe
2267,15,ConnectedDrive
907,15,EfficientDynamics
2848,15,宝马GINA
847,15,宝马Z8
2196,15,宝马M3
3189,15,宝马M4
2726,15,宝马M5
2727,15,宝马M6
2728,15,宝马X5 M
2729,15,宝马X6 M
3357,15,宝马M2
3291,15,宝马M8
2725,15,宝马1系M
2845,15,宝马M1
4239,38,VELITE 5
3751,38,威朗
982,38,英朗
4552,38,阅朗
164,38,君威
834,38,君越
2896,38,昂科拉
3554,38,昂科威
4487,38,别克GL6
166,38,别克GL8
4776,38,VELITE 6
4761,38,Enspire
875,38,凯越
4570,38,新世纪
525,38,林荫大道
344,38,荣御
592,38,昂科雷
2511,38,VERANO(海外)
985,38,君威(海外)
719,38,君越(海外)
3708,38,Avenir
3332,38,Anthem
2317,38,昂科威(海外)
4000,38,Avista
3078,38,Riviera
3707,38,别克Cascada
3067,38,Roadmaster
3076,38,Special
849,38,Business
579,75,比亚迪F0
4073,75,比亚迪e5
407,75,比亚迪F3
3283,75,比亚迪G5
2761,75,秦
2806,75,速锐
3781,75,元
4353,75,元新能源
3780,75,宋
4394,75,宋新能源
3059,75,比亚迪S7
3430,75,唐新能源
831,75,比亚迪e6
798,75,比亚迪M6
4279,75,宋MAX
2088,75,比亚迪S6
4844,75,比亚迪E-SEED
4802,75,唐
4393,75,王朝概念车
3376,75,比亚迪C6
3474,75,商
4831,75,宋MAX新能源
4108,75,比亚迪T3
417,75,福莱尔
940,75,比亚迪F3R
4333,75,比亚迪F3新能源
927,75,比亚迪G3
997,75,比亚迪G3R
2085,75,比亚迪L3
540,75,比亚迪F6
2091,75,比亚迪G6
2944,75,思锐
489,75,比亚迪S8
4606,120,宝骏360
3993,120,宝骏E100
4077,120,宝骏310
4392,120,宝骏310W
3343,120,宝骏610
2236,120,宝骏630
4166,120,宝骏510
4587,120,宝骏530
3412,120,宝骏730
3677,120,宝骏560
3595,120,City Car
155,120,乐驰
3774,120,宝骏330
3068,13,标致301
877,13,标致308
3632,13,标致308S
987,13,标致408
3234,13,标致2008
2619,13,标致3008
4167,13,标致4008
4271,13,标致5008
437,13,标致206
688,13,标致207
99,13,标致307
2299,13,标致508
726,13,标致107
3381,13,标致108
3903,13,Fractal
2544,13,标致208
3434,13,EXALT
4331,13,Instinct
2829,13,标致301(海外)
689,13,标致308(进口)
3331,13,标致408 GT
2191,13,标致508(进口)
3338,13,标致608
2404,13,标致HX1
2801,13,Urban Crossover
2891,13,标致2008(海外)
3614,13,Quartz
724,13,标致3008(进口)
4193,13,标致5008(海外)
3319,13,标致6008
2315,13,标致SXC
3734,13,Partner
4705,13,Rifter
861,13,标致5008经典
4140,13,L500 R HYBRID
2892,13,ONYX
3831,13,Vision Gran Turismo
2047,13,标致RCZ
3974,13,TRAVELLER
4476,13,Pick Up
924,13,标致BB1
2204,13,标致iOn
184,13,标致206(进口)
640,13,标致207(进口)
277,13,标致307(进口)
2064,13,5 by Peugeot
185,13,标致407
186,13,标致607
2216,13,标致HR1
949,13,标致4007
2472,13,标致4008(进口)
2030,13,标致807
2210,13,标致EX1
2038,13,标致SR1
703,40,Panamera
4322,40,Panamera新能源
2838,40,Macan
172,40,Cayenne
4324,40,Cayenne新能源
4175,40,保时捷718
162,40,保时捷911
3917,40,Mission e
3380,40,Pajun
3401,40,919 Hybrid
2073,40,918 Spyder
168,40,Boxster
393,40,Carrera GT
415,40,Cayman
3423,40,保时捷356
3572,40,保时捷968
3800,27,北京(BJ)20
623,27,北京BJ40
2852,27,北京BJ80
3129,27,concept500
3473,27,北京BJ100
4794,27,北京BJ80新能源
3972,27,北京BJ90
3130,27,concept900
2252,27,北京汽车E系列
2169,27,北京汽车C70
2790,27,北京汽车C60F
2346,27,北京汽车T60
2798,27,北京汽车C90L
2127,27,北京汽车B61
2327,27,北京汽车B70
2132,27,北京汽车B90
4494,203,北汽幻速S5-EV
4019,203,北汽幻速H6-EV
4310,203,北汽幻速H5
3284,203,北汽幻速S2
3361,203,北汽幻速S3
4276,203,北汽幻速S5
3426,203,北汽幻速S6
4502,203,北汽幻速S7
3874,203,北汽幻速H3
3661,203,北汽幻速H2
4137,203,北汽幻速H2V
3714,203,北汽幻速H6
4700,203,北汽幻速S4
3695,95,奔腾B30
632,95,奔腾B50
466,95,奔腾B70
2310,95,奔腾B90
4069,95,奔腾X40
3000,95,奔腾X80
4584,95,奔腾B30EV
4117,95,奔腾X4
4114,95,奔腾X6
3579,95,奔腾X70
4800,95,奔腾T77
965,154,战旗
3035,154,BJ 212
2126,154,北京BW007
622,154,勇士
966,154,陆霸
2960,154,越铃
852,154,骑士S12
4046,231,宝沃BX5
3913,231,宝沃BX7
4520,231,宝沃BX6
4047,231,宝沃BX6 TS
4403,231,宝沃BXi7
3757,231,Isabella
901,39,慕尚
3014,39,飞驰
2685,39,添越
305,39,欧陆
4714,39,添越PHEV
3739,39,EXP 10 Speed 6
4363,39,EXP 12 Speed 6e
3668,39,Grand Convertible
1013,39,Brooklands
1012,39,雅骏
306,39,雅致
2791,173,绅宝D50
2787,173,绅宝D70
3839,173,绅宝X25
3928,173,绅宝X35
3795,173,绅宝X55
3417,173,绅宝X65
4849,173,OFFspace D70
4110,173,绅宝OffSpace
4842,173,OffSpace SUIT
3557,173,绅宝D20
3794,173,绅宝CC
3427,173,绅宝D60
3673,173,绅宝D80
4488,79,北斗星X5E
4506,79,北汽昌河A6
3922,79,昌河Q25
3980,79,昌河Q35
4599,79,昌河Q7
4208,79,昌河M70
3640,79,昌河M50
4141,79,福瑞达K21
4142,79,福瑞达K22
4409,79,北斗星E
4689,79,昌河北斗星
76,79,爱迪尔
2478,79,福瑞达
3058,79,福运
4264,208,EC系列
3533,208,EV系列
3884,208,EU系列
4104,208,EH系列
4015,208,EX系列
3630,208,北汽新能源C90EV
4018,208,北汽新能源D80EV
4620,208,北汽新能源ET400
4426,208,北汽新能源EX400L
4103,208,北汽新能源EX300L
3810,208,北汽新能源EX
3537,208,北汽新能源ES210
4261,140,巴博斯 smart forfour
2683,140,巴博斯 smart fortwo
2446,140,巴博斯 SLK级
2928,140,巴博斯 A级
2657,140,巴博斯 B级
3804,140,巴博斯 C级
2447,140,巴博斯 CLS级
2461,140,巴博斯 E级
2444,140,巴博斯 S级
2809,140,巴博斯 G级
2575,140,巴博斯 M级
2947,140,巴博斯 GL级
2554,140,巴博斯 CL级
2448,140,巴博斯 SLS级
2460,140,巴博斯 SL级
4009,143,北汽威旺S50
4154,143,北汽威旺M50F
4553,143,北汽威旺M60
2482,143,北汽威旺306
3191,143,北汽威旺M20
3916,143,北汽威旺M30
3231,143,北汽威旺307
4492,143,北汽威旺BQ5
2943,143,北汽威旺205
4061,143,北汽威旺M35
3428,143,北汽威旺T205-D
3712,143,北汽007
4016,143,北汽威旺307EV
4812,143,北汽威旺407EV
4017,143,北汽威旺608EV
3889,37,Chiron
3919,37,Vision GT
390,37,威航
920,37,Galibier
4164,271,比速T3
4298,271,比速T5
4173,271,比速M3
4786,271,比速T Concept
4666,271,比速T7
4511,301,道达V8
4664,302,BYTON Concept
2910,172,La JOYA
4057,257,H2 Speed
3217,76,奔奔
4380,76,奔奔EV
2567,76,悦翔V3
2429,76,逸动
4588,76,逸动DT
4343,76,逸动新能源
2785,76,睿骋
3811,76,睿骋CC
3924,76,长安CS15
4445,76,长安CS15EV
2778,76,长安CS35
4269,76,长安CS55
3204,76,长安CS75
3121,76,长安CS95
4242,76,凌轩
3422,76,悦翔V7
2965,76,CINTURX
3120,76,长安E30
4390,76,极流
4741,76,长安CS75 PHEV
4391,76,御岳
2316,76,长安VOSS
484,76,奔奔i
2046,76,奔奔LOVE
2045,76,奔奔MINI
2119,76,长安CX20
2788,76,悦翔V5
705,76,悦翔
1008,76,长安CX30
619,76,长安V802
590,76,志翔
520,76,杰勋
2090,77,长城C30
4341,77,长城C30新能源
2462,77,风骏5
3101,77,风骏6
2121,77,长城C70
2459,77,风骏3
491,77,长城精灵
2122,77,长城C20R
2001,77,长城M2
493,77,酷熊
624,77,凌傲
492,77,炫丽
2120,77,长城C50
535,77,长城M1
2304,77,长城M4
6,77,赛弗
979,77,赛骏
552,77,赛影
2200,77,长城V80
536,77,嘉誉
2653,77,金迪尔
2954,163,欧力威
4499,163,欧力威EV
4517,163,欧尚X70A
3893,163,长安CX70
3783,163,欧尚
4376,163,欧尚A800
3526,163,长安之星3
3685,163,长安之星9
2566,163,欧诺
3155,163,长安星卡
4829,163,OSHAN
2504,163,长安星光
2600,163,长安之星
2605,163,长安之星2
3514,163,长安之星7
2604,163,长安之星S460
2505,163,金牛星
3504,196,成功V1
3505,196,成功V2
3508,196,成功X1
3875,196,成功S10
3330,196,劲驰X1
4132,294,睿行S50
4292,294,睿行S50T
2923,294,神骐T20
4372,294,睿行M70
3227,294,睿行M80
4011,294,睿行M90
4012,294,神骐F30
2606,294,长安星光4500
3091,294,尊行
4013,294,神骐F50
4181,299,长安V3
3311,299,长安V5
4319,299,跨越王
4182,299,新豹MINI
3218,189,AeroSeven
4008,189,Seven
3327,189,Zenos E10
2881,171,Knight XV
4706,321,Missile
4711,322,e-Racer
4707,322,Cupra Ateca
4466,293,thunder power
4128,266,车和家SEV
4778,328,思迈尔
4093,264,逸酷
4450,264,奕阁
145,1,Polo
2922,1,桑塔纳
3103,1,朗行
614,1,朗逸
3197,1,朗境
3457,1,凌渡
528,1,帕萨特
4045,1,辉昂
874,1,途观
4274,1,途观L
4232,1,途昂
333,1,途安
4430,1,辉昂新能源
4745,1,Powerful Family SUV
4746,1,途观L新能源
144,1,高尔
826,1,Passat领驭
149,1,桑塔纳经典
207,1,桑塔纳志俊
16,1,捷达
633,1,宝来
871,1,高尔夫
442,1,速腾
3964,1,高尔夫・嘉旅
4204,1,蔚领
496,1,迈腾
905,1,一汽-大众CC
4674,1,探歌
4744,1,Advanced Mid-size SUV
15,1,宝来/宝来经典
360,1,开迪
210,1,甲壳虫
372,1,高尔夫(进口)
4355,1,高尔夫新能源(进口)
3999,1,蔚揽
557,1,Tiguan
82,1,途锐
86,1,夏朗
631,1,迈特威
3416,1,凯路威
669,1,尚酷
422,1,大众Fox
780,1,大众up!
4022,1,Ameo
2435,1,Nils
782,1,Polo(海外)
925,1,大众XL1
680,1,高尔(海外)
906,1,Jetta
4211,1,大众I.D.
4268,1,Arteon
368,1,Passat
3732,1,Sport Coupe
700,1,大众CC
3801,1,C Coupe
4709,1,I.D. Vizzion
2427,1,Buggy Up
2917,1,Taigun
4048,1,T-Cross
3398,1,T-Roc(海外)
4412,1,I.D. Crozz
2993,1,CrossBlue
4275,1,Tiguan Allspace
2584,1,Cross Coupe
4113,1,T-Prime
4186,1,大众Atlas
3998,1,BUDD-e
2279,1,Bulli
4515,1,California XXL
3027,1,e-Co-Motion
4358,1,Sedric Concept
2938,1,Space Up
4287,1,大众I.D. Buzz
4712,1,大众MOIA
2185,1,开迪(海外)
512,1,途安(海外)
430,1,大众Eos
4742,1,大众I.D. R Pikes Peak
3622,1,大众XL
4157,1,Crafter
3790,1,Transporter
2380,1,Amarok
4075,1,Saveiro
3616,1,Tristar
4330,1,大众e-up!
1019,1,大众Up!Lite
2039,1,New Compact
539,1,迈腾(进口)
224,1,辉腾
2106,1,Milano
2187,1,Routan
737,1,BlueSport
2825,1,Pickup
3301,165,景逸S50
4614,165,景逸S50EV
3970,165,风行SX6
3414,165,景逸X3
3128,165,景逸X5
4423,165,景逸X6
3785,165,景逸XV
2990,165,风行CM7
3792,165,风行F600
3789,165,风行S500
2540,165,菱智
4418,165,菱智M5EV
4767,165,风行T5
4592,165,景逸X7
4808,165,风行M6
4805,165,风行M7
554,165,景逸
2742,165,景逸SUV
3963,169,DS 4S
3309,169,DS 5LS
2952,169,DS 5
3324,169,DS 6
4610,169,DS 7
898,169,DS 3
2078,169,DS 4
3323,169,DS 5LS(海外)
3594,169,神韵
2314,169,DS 5(进口)
4347,169,DS 7(海外)
3063,169,DS Wild Rubis
4041,169,E-Tense
3054,169,DS23
4468,259,东风风光S560
4023,259,东风风光580
3925,259,东风风光370
3829,259,东风风光330
4799,259,东风风光580新能源
4759,259,东风风光iX5
3828,259,东风风光360
3086,259,东风风光
4560,32,御风S16
2839,32,御风
4278,32,御风EV
4486,32,御风P16
4625,32,俊风EJ30
2803,32,东风HUV
560,32,猛士
832,32,东风概念车
2901,32,俊风CV03
951,32,帅客
3279,32,俊风
2512,32,锐骐多功能车
2510,32,锐骐皮卡
4801,32,帅客新能源
561,32,奥丁
562,32,御轩
3119,113,东风风神E30
2556,113,东风风神A60
3493,113,东风风神A30
4421,113,东风风神E70
3461,113,东风风神L60
3463,113,东风A9
3786,113,东风风神AX3
4383,113,东风风神AX4
4097,113,东风风神AX5
3341,113,东风风神AX7
4422,113,东风风神AX5新能源
4420,113,东风风神AX7新能源
4790,113,东风风神e.π
1006,113,东风风神H30
790,113,东风风神S30
4119,113,风诺
606,81,V3菱悦
2769,81,V5菱致
2776,81,V6菱仕
4086,81,东南DX3
4632,81,东南DX3新能源
3634,81,东南DX7
3088,81,东南V7
3375,81,东南戈蓝
4101,81,DX概念车
3482,81,东南R7
988,81,东南V4
126,81,菱帅
2477,81,希旺
2530,81,得利卡
3502,142,东风小康C36
2865,142,东风小康C37
4461,142,东风小康EC36
4299,142,东风小康K05S
3697,142,东风小康K07S
3698,142,东风小康C31
3699,142,东风小康C32
2452,142,东风小康K01
2497,142,东风小康K02
3007,142,东风小康F505
3036,142,东风小康C35
2500,142,东风小康K07
2501,142,东风小康K07II
2499,142,东风小康K17
2490,142,东风小康V07S
2495,142,东风小康V27
2744,142,东风小康V29
2498,142,东风小康K06
2491,142,东风小康V21
2494,142,东风小康V22
574,41,凯领
602,41,酷威
2628,41,Dart
576,41,锋哲
2089,41,Charger
2201,41,Durango
2226,41,凯领(海外)
738,41,挑战者
2198,41,道奇Ram
575,41,酷搏
957,41,翼龙
883,41,Circuit EV
2814,41,Rampage
3173,41,道奇D100
2816,41,道奇M80
3049,41,Charger SRT
4303,41,Durango SRT
573,41,蝰蛇
3050,41,挑战者 SRT
3984,187,东风风度MX5
3637,187,东风风度MX6
4306,187,东风风度MX3
4238,280,电咖・EV10
2849,157,Dokker
2627,157,Dacia Logan
2626,157,Dacia Sandero
2625,157,Dacia Duster
2703,157,Dacia Lodgy
3568,217,mi-DO
3949,217,Datsun Cross
3566,217,redi-GO
3354,198,DMC-12
3818,234,Donkervoort D8
545,92,森雅
4576,92,DN Pro Cargo
4577,92,DN U-Space
3933,92,大发D-base
4578,92,DN Compagno
4575,92,DN Trec
3236,92,Kopen
701,92,MATERIA
902,92,Mira
2650,92,Copen
3548,211,Elemental RP1
4645,3,丰田C-HR
4259,3,YARiS L 致享
3126,3,YARiS L 致炫
3462,3,雷凌
110,3,凯美瑞
771,3,汉兰达
2237,3,逸致
4837,3,雷凌新能源
505,3,雅力士
4646,3,奕泽IZOA
111,3,威驰
4260,3,威驰FS
526,3,卡罗拉
882,3,皇冠
770,3,RAV4荣放
46,3,普拉多
2527,3,柯斯达
45,3,兰德酷路泽
4832,3,卡罗拉新能源
109,3,花冠
371,3,普锐斯
375,3,锐志
170,3,特锐
2107,3,埃尔法
107,3,普瑞维亚
2574,3,丰田86
2607,3,HIACE
748,3,Aygo
4582,3,CONCEPT-爱i Ride
2585,3,Fun-Vii
3019,3,i-Road
3948,3,KIKAI
938,3,丰田FT-EV
3819,3,丰田FV2
671,3,丰田iQ
3133,3,ME.WE
711,3,YARiS(海外)
2705,3,丰田FT-Bh
3041,3,威驰(海外)
3118,3,悦佳
917,3,Auris
4286,3,CONCEPT-爱i
893,3,Matrix
3249,3,Premi Aqua
2646,3,丰田NS4
3336,3,丰田SAI
774,3,卡罗拉(海外)
721,3,普锐斯(海外)
763,3,Avensis
3262,3,JPN Taxi
3682,3,Mirai
4413,3,丰巢FUN
3239,3,丰田FCV
2704,3,丰田FCV-R
963,3,凯美瑞(海外)
945,3,锐志(海外)
2055,3,Avalon
2614,3,皇冠(进口)
3168,3,世纪
4414,3,丰巢WAY
3611,3,丰田C-HR(海外)
4400,3,丰田FT-4X
4626,3,Rush
206,3,丰田RAV4(进口)
513,3,FJ 酷路泽
3851,3,Fortuner
3273,3,Harrier
4572,3,Tj Cruiser
549,3,汉兰达(进口)
929,3,4Runner
550,3,兰德酷路泽(进口)
334,3,普拉多(进口)
964,3,红杉
4585,3,Fine-Comfort Ride
4155,3,Innova
983,3,Sienna
3837,3,SIENTA
3718,3,Vellfire
786,3,Verso
3322,3,Verso-S
2617,3,Supra
3352,3,丰田FT-1
934,3,丰田FT-86
4571,3,丰田GR HV Sports
3931,3,丰田S-FR
3975,3,PROACE
4281,3,柯斯达(海外)
3598,3,Urban Utility
2714,3,Hilux
2411,3,Tacoma
2354,3,坦途
2040,3,丰田FT-CH
4377,3,Sprinter Trueno
3340,3,Cressida
762,3,威飒
2213,3,WISH
2244,3,杰路驰
364,8,福克斯
3347,8,福睿斯
3693,8,金牛座
117,8,蒙迪欧
4386,8,蒙迪欧新能源
2871,8,翼搏
2863,8,翼虎
3615,8,锐界
659,8,嘉年华
577,8,蒙迪欧-致胜
3175,8,致胜
498,8,麦柯斯
3518,8,撼路者
3814,8,途睿欧
4192,8,全顺
2524,8,新世代全顺
2523,8,经典全顺
912,8,C-MAX
378,8,福特GT
704,8,福克斯(进口)
2024,8,探险者
102,8,Mustang
2353,8,福特F-150
3373,8,Figo
665,8,福特Ka
713,8,嘉年华(进口)
3113,8,福睿斯(海外)
2023,8,Falcon
744,8,Fusion
759,8,金牛座(海外)
986,8,蒙迪欧(海外)
2622,8,翼搏(海外)
97,8,Kuga
2265,8,Territory
3183,8,撼路者(海外)
684,8,锐界(进口)
972,8,FLEX
2025,8,征服者
2281,8,B-MAX
2006,8,Galaxy
921,8,Grand C-MAX
2041,8,S-MAX
3028,8,Tourneo Courier
2677,8,Tourneo Custom
2946,8,Transit
2302,8,福特E350
4672,8,福特E系列
2406,8,Evos
2298,8,Mad Max
2707,8,Ranger
2713,8,Super Duty
2997,8,福特Atlas
2820,8,福特F-250
2389,8,福特F-350
2390,8,福特F-450
2884,8,福特F-650
2183,8,Start
3696,8,Crown Victoria
3308,8,福特GPW
2258,8,Vertrek
4314,42,812 Superfast
676,42,California T
2682,42,F12berlinetta
4027,42,GTC4Lusso
3016,42,LaFerrari
4524,42,Portofino
3720,42,法拉利488
3026,42,Sergio
3713,42,法拉利308
4272,42,法拉利J50
889,42,法拉利458
459,42,法拉利599
2261,42,法拉利FF
2594,42,Dino
394,42,Enzo
2874,42,法拉利212
2875,42,法拉利250 GT
2880,42,法拉利275
2595,42,法拉利328
2597,42,法拉利348
361,42,法拉利360
2877,42,法拉利410
2879,42,法拉利500
2591,42,法拉利550
308,42,法拉利575M
367,42,法拉利612
2598,42,法拉利F355
2177,42,法拉利F40
359,42,法拉利F430
2593,42,法拉利F50
2596,42,法拉利GTO
3633,141,揽福
2475,141,小超人
2895,141,雄师F16
3754,141,雄师F22
2455,141,探索者Ⅲ
2453,141,探索者6
2767,11,菲翔
3267,11,致悦
465,11,派朗
89,11,派力奥
90,11,西耶那
91,11,周末风
601,11,菲亚特500
2262,11,菲跃
765,11,Panda
3378,11,Avventura
2193,11,Idea
3709,11,菲亚特500L
543,11,朋多
4634,11,Cronos
3841,11,Tipo
542,11,博悦
544,11,领雅
3624,11,菲亚特500X
3642,11,菲亚特FCC4
4079,11,Fiorino
779,11,Qubo
391,11,多宝
3866,11,菲亚特124
4055,11,Fullback
2651,11,Strada
3936,11,Toro
2868,11,菲亚特126P
916,11,Sedici
3676,96,风景V3
3821,96,风景V5
3440,96,风景G7
4035,96,风景G9
2535,96,福田风景
2542,96,蒙派克E
3089,96,蒙派克S
3735,96,图雅诺
4612,96,图雅诺EV
2579,96,萨普
4165,96,奥铃T3
661,96,迷迪
3992,197,启腾V60
3877,197,启腾EX80
3346,197,启腾M70
4760,282,伽途GT
3307,282,萨瓦纳
4227,282,伽途im6
4228,282,伽途im8
3991,282,伽途ix5
3990,282,伽途ix7
2577,282,拓陆者
4285,248,FF 91
3995,248,FFZERO1
4236,132,EMotion
2746,132,Atlantic
2425,132,Surf
2352,132,Karma
2350,132,Latigo
2351,132,Tramonto
2978,177,Evantra
2977,176,弗那萨利 99
3069,82,传祺GA3
3524,82,传祺GA3S视界
4630,82,传祺GA4
4340,82,传祺GA5新能源
3349,82,传祺GA6
3782,82,传祺GA8
3495,82,传祺GS3
3691,82,传祺GS4
3574,82,传祺GS5 Super
4230,82,传祺GS7
4094,82,传祺GS8
4174,82,传祺GM8
4611,82,iSPACE
3952,82,EV coupe
3498,82,传祺E-jet
603,82,WitStar
3687,82,传祺GA7
4290,82,EnSpirit
3902,82,传祺GS6
3951,82,i-lounge朗智
4662,82,传祺GM6
4250,82,EnLight
3499,82,E-Linker
3501,82,4-DOOR Coupe
2141,82,传祺GA5
2308,82,X-POWER
2560,82,传祺GS5
3500,82,Cabrio-Coupe
2974,152,观致3
3662,152,观致5
2580,152,观致
3544,152,观致9
3791,152,观致2
4382,152,Model K-EV
4841,152,观致MILE 1
4527,152,观致 Model Young
2488,108,星旺
2885,108,星旺CL
3159,108,星旺L
3139,108,星旺M1
3140,108,星旺M2
2599,108,财运100
2571,108,财运300
2568,108,财运500
3480,108,广汽吉奥GP150
3272,108,E美
2114,108,奥轩G3
969,108,吉奥凯旋
865,108,凯睿
1015,108,帅豹
968,108,帅威
2306,108,奥轩G5
2774,108,奥轩GX5
3477,108,广汽吉奥GX6
967,108,帅驰
864,108,帅舰
3134,108,星朗
947,112,YUKON
980,112,SAVANA
2355,112,SIERRA
3356,112,Granite
955,112,TERRAIN
952,112,ACADIA
3345,112,CANYON
3400,112,Jimmy
4556,304,国金GM3
4255,313,传祺GA3S PHEV
4291,313,传祺GE3
4256,313,传祺GS4新能源
4661,313,Enverge
3280,190,GAZ-12
4214,277,GLM G4
3747,230,Spano
3404,115,Explosion
2292,115,Tornante
2082,115,Apollo
3520,207,Self-Driving
2094,116,女王
2093,116,大蛇
2095,116,嘉路
4793,329,广汽ix4
4806,329,E-more概念车
3454,181,哈弗H1
2615,181,哈弗H2
4168,181,哈弗H2s
4608,181,哈弗H4
2027,181,哈弗H5
2123,181,哈弗H6
3481,181,哈弗H6 Coupe
4485,181,哈弗M6
3074,181,哈弗H7
2124,181,哈弗H8
3298,181,哈弗H9
3808,181,哈弗Concept B
3449,181,哈弗COUPE
2807,181,哈弗E
4792,181,哈弗F5
4100,181,哈弗HB-02
4429,181,哈弗HB-03
4118,181,哈弗HR-02
3807,181,哈弗Concept R
2326,181,哈弗IF
395,181,哈弗H3
3108,91,红旗L5
4410,91,红旗H5
2771,91,红旗H7
4122,91,红旗B-Concept
2789,91,红旗L7
4789,91,红旗E-HS3
4424,91,红旗U-Concept
4150,91,红旗HS7
4116,91,红旗S-Concept
3812,91,红旗LS5
4788,91,红旗E・境
4695,91,红旗概念雕塑
978,91,世纪星
556,91,新明仕
428,91,红旗盛世
3424,91,红旗CA770
2138,91,红旗L9
427,91,红旗旗舰
830,91,红旗SUV
4459,86,海马爱尚EV
4156,86,海马@3
2941,86,海马M3
3006,86,海马M6
4169,86,海马S5青春版
3214,86,海马S5
4803,86,海马E5
4770,86,海马SG00
998,86,海马Me
2318,86,海马爱尚
855,86,海马王子
2342,86,海马C2
3160,86,福仕达鸿达
2481,86,福仕达荣达
470,86,福美来
3075,86,海马S7
4525,86,福美来F7
4339,86,普力马EV
4205,86,福美来MPV
4774,86,福美来F5
4846,86,VF00概念车
4798,86,福美来E7
824,86,丘比特
47,86,海福星
527,86,海马3
696,86,欢动
2766,86,海马M8
823,86,海马骑士
3994,86,海马V70
844,86,普力马
2160,97,旗胜V3
4162,97,瑞途
2517,97,傲骏
2515,97,大柴神
3455,97,黄海N1
3846,97,黄海N2
4436,97,黄海N3
2516,97,小柴神
2212,97,翱龙CUV
673,97,旗胜F1
2211,97,挑战者SUV
3896,87,圣达菲
4518,87,圣达菲5
4483,87,圣达菲7
2144,87,宝利格
3803,87,路盛E80
3483,87,路盛E90
2133,87,路盛E70
2108,87,华泰B11
477,87,圣达菲经典
290,87,特拉卡
2754,164,途腾T1
2755,164,途腾T2
2973,164,途腾T3
3208,164,欢腾H1
4318,260,华泰EV160B
4495,260,华泰EV160R
4836,260,路盛S1
4065,260,华泰iEV230
4066,260,华泰XEV260
4830,260,圣达菲2
4828,260,圣达菲5新能源
4823,260,圣达菲7新能源
2487,24,哈飞小霸王
2485,24,骏意
2486,24,民意
3038,24,中意V5
67,24,路宝
68,24,赛马
392,24,赛豹III
481,24,赛豹V
2536,24,路尊大霸王
3911,245,华凯皮卡
3607,220,华颂7
4131,150,海格H4E
2572,150,海格H5C
3243,150,海格H5V
3636,150,海格H6C
3638,150,海格H6V
3235,150,海格H7V
3149,150,龙威
2673,150,御骏
4226,267,汉腾X5
4130,267,汉腾X7
4613,267,汉腾X7新能源
4416,267,汉腾EV
4419,267,汉腾X5新能源
4825,267,汉腾MPV
4170,184,华骐300E
3125,184,HORKI-1
3148,170,VelociRaptor
3573,170,Venom F5
2873,170,Venom GT
857,43,悍马HX
379,43,悍马H3
895,43,悍马H1
38,43,悍马H2
4629,309,合众E-TAKE
3844,237,天津大发TJ110
570,85,海锋
461,85,海尚
194,85,海迅
460,85,海域
862,85,华普海景
3915,240,Commodore
3863,240,霍顿Colorado
4716,188,Nucleus
3122,188,Vulcano
4187,274,Inferno
4359,288,Zerouno
447,25,金刚
3556,25,帝豪
4139,25,帝豪GL
4342,25,帝豪新能源
474,25,远景
3589,25,博瑞
4293,25,远景X1
4481,25,远景X3
3788,25,博越
3465,25,帝豪GS
4491,25,远景S1
4133,25,远景SUV
4679,25,帝豪GL新能源
821,25,吉利GC6
4762,25,博瑞GE
4756,25,博瑞GE新能源
2338,25,吉利GX5
2322,25,吉利GX6
4701,25,吉利SX11
4813,25,CONCEPT ICON
3510,25,吉利GX8
4396,25,吉利VF11
2192,25,吉利GX2
608,25,熊猫
133,25,豪情
2321,25,吉利EC6-RV
2151,25,吉利GC3
2840,25,吉利SC3
2339,25,吉利SC5
2111,25,吉利SC5-RV
2166,25,吉利SC6-RV
2156,25,金刚财富
609,25,金鹰
132,25,英伦C5
421,25,优利欧
409,25,自由舰
2051,25,海景
820,25,吉利GC5
2155,25,吉利GC7
2340,25,吉利SC7-RV
799,25,经典帝豪
801,25,吉利EC8
3374,25,吉利EC9
3116,25,吉利KC
827,25,吉利GE
2112,25,吉利SX5
2158,25,吉利SX6
2110,25,吉利EX7
989,25,吉利GX7
2964,25,吉利SX7
3467,25,豪情SUV
840,25,吉利EX8
2150,25,吉利EX9
2149,25,吉利EV7
843,25,吉利EV8
842,25,吉利GV5
2157,25,吉利SV5
841,25,英伦TX4
2245,25,吉利GS
818,25,吉利GT
138,25,美人豹
611,25,中国龙
291,46,北京JEEP
23,46,大切诺基
4072,46,自由侠
3845,46,指南者
4673,46,大指挥官
3872,46,自由光
4432,46,云图
121,46,牧马人
521,46,大切诺基(进口)
3321,46,自由侠(海外)
504,46,指南者(进口)
3764,46,Chief
3062,46,自由光(进口)
263,46,自由人
4469,46,大瓦格尼
2813,46,Jeep J12
777,46,自由客
2026,46,切诺基(进口)
503,46,指挥官
2811,46,Gladiator
3048,46,大切诺基 SRT
4663,44,捷豹E-PACE
4462,44,捷豹XEL
4083,44,捷豹XFL
3312,44,捷豹XE
589,44,捷豹XF
178,44,捷豹XJ
3209,44,捷豹F-PACE
4251,44,捷豹I-PACE
2903,44,捷豹F-TYPE
2290,44,捷豹B99
4007,44,捷豹E-PACE(海外)
4535,44,FUTURE-TYPE
2414,44,捷豹C-X16
2217,44,捷豹C-X75
2369,44,捷豹E-Type
456,44,捷豹XK
328,44,捷豹X-Type
258,44,捷豹S-Type
991,44,捷豹C-Type
3094,44,捷豹D-Type
2145,44,捷豹SS100
4088,84,江淮iEV6E
3395,84,江淮iEV
616,84,和悦
4628,84,江淮iEVA50
3363,84,瑞风A60
4444,84,江淮iEV7S
3545,84,瑞风S2
4087,84,瑞风S2mini
3080,84,瑞风S3
2752,84,瑞风S5
4234,84,瑞风S7
3351,84,瑞风M3
4090,84,瑞风M4
2543,84,瑞风M5
3061,84,瑞风M6
4619,84,瑞风R3
3490,84,凌铃
2569,84,星锐
4710,84,江淮V7
3546,84,帅铃T6
2541,84,瑞风
2130,84,愿景IV
3084,84,和悦A20
3784,84,瑞风A33
3512,84,和悦A60
4089,84,江淮iEV7C
4443,84,江淮iEV7E
4085,84,江淮SC-5
3450,84,瑞风SC-9
2763,84,和悦SC
2652,84,江淮4R3皮卡
3005,84,瑞驰II
4847,84,帅铃T8
828,84,悦悦
3407,84,和悦A13
3408,84,和悦A13RS
2956,84,和悦A30
660,84,同悦
617,84,同悦RS
567,84,宾悦
618,84,愿景III
3961,84,江淮iEV6S
572,84,瑞鹰
816,84,瑞风M2
3443,84,江淮K3
3444,84,江淮K5
2581,84,瑞铃
3456,84,征途
4294,83,金杯F50
2537,83,阁瑞斯
2545,83,金杯大海狮
2810,83,金杯海狮
4237,83,金杯快运
2402,83,金杯S50
3763,83,华晨金杯750
3955,83,海狮X30L
2601,83,海星A7
2711,83,海星A9
3136,83,小海狮X30
2712,83,海星T20
2837,83,海星T22
3721,83,金杯T30
3722,83,金杯T32
4311,83,金杯T50
4312,83,金杯T52
2325,83,智尚S30
3898,83,智尚S35
3515,83,金杯S70
3853,83,西部牛仔
3868,83,小金牛
2659,83,大力神
4076,83,大力神K5
2660,83,金典
2665,83,雷龙
4209,119,特顺
2514,119,宝典
2860,119,域虎
2674,119,宝威
2986,145,金威
2985,145,凯歌
3549,145,凯特
3320,151,艾菲
3628,151,九龙A4
2573,151,九龙A5
3681,270,江铃E100
4149,270,江铃E200
4388,270,江铃E200S
4375,270,江铃E160
4765,270,江铃E400
4493,210,骐铃T100
3466,210,骐铃T5
3639,210,骐铃T7
3981,210,骐铃T3
3885,175,金旅大海狮新能源
2976,175,金旅海狮
4601,175,金旅海狮新能源
4555,297,君马MEET 3
4519,297,君马S70
4687,297,君马MEET 5
4696,297,君马SEEK 5
4683,319,捷途X70
4784,319,JETOUR X
4797,319,捷途X90
4659,315,Design-X1
3543,209,佳跃
4401,281,奇点iS6
3207,47,凯迪拉克ATS-L
3802,47,凯迪拉克CT6
4334,47,凯迪拉克CT6 PLUG-IN
2949,47,凯迪拉克XTS
3989,47,凯迪拉克XT5
488,47,SLS赛威
970,47,凯迪拉克CTS
462,47,凯雷德ESCALADE
2629,47,凯迪拉克ATS(进口)
3359,47,凯迪拉克CT6(海外)
311,47,凯迪拉克CTS(进口)
2087,47,凯迪拉克XTS(海外)
2401,47,Ciel
4185,47,Escala
4647,47,凯迪拉克XT4
3647,47,凯迪拉克XT5(海外)
3190,47,Elmiraj
752,47,凯迪拉克ELR
2939,47,Urban Luxury
637,47,凯迪拉克BLS
3169,47,Seville
2036,47,凯迪拉克SLS(海外)
402,47,凯迪拉克STS
3421,47,Brougham
238,47,DeVille
3355,47,弗雷特伍德
49,47,凯迪拉克SRX
2804,47,Converj
426,47,凯迪拉克XLR
911,109,X-BOW
566,9,铂锐
487,9,克莱斯勒300C
227,9,大捷龙
342,9,克莱斯勒300C(进口)
2207,9,大捷龙(进口)
4604,9,大捷龙PHEV(进口)
2224,9,克莱斯勒200
4002,9,Pacifica
4284,9,Portal
2231,9,Town and Country
2643,9,克莱斯勒700C
380,9,PT 漫步者
735,9,Sebring
734,9,克莱斯勒200C
1011,9,Aspen
222,9,交叉火力
977,9,猎兽
3051,9,克莱斯勒300C SRT
4482,199,卡威W1新能源
4563,199,路易斯
3360,199,卡威K1
4172,199,卡威K150
4557,199,卡威K150GT
3511,199,卡威W1
4622,199,卡威E20
3409,199,卡威SUV
4621,199,卡威E10
4039,101,开瑞K60
3384,101,开瑞K50
2476,101,优优
3017,101,优优2代
2496,101,优劲
4478,101,开瑞K50EV
4477,101,优优EV
4504,101,开瑞X70
517,101,优翼
2489,101,优派
2492,101,优胜
2493,101,优胜2代
2484,101,优雅
3156,101,优雅2代
3854,101,杰虎
3586,214,凯翼C3
3581,214,凯翼C3R
4474,214,凯翼E3
3983,214,凯翼X3
3971,214,凯翼V3
4095,214,凯翼X5
4254,214,凯翼C3R EV
3686,214,凯翼CX3
3580,214,凯翼i-CX
4282,214,凯翼X7
3835,219,全球鹰K10
3836,219,全球鹰K11
4161,219,全球鹰K12
4160,219,全球鹰K17
4748,219,全球鹰EX3
2068,100,Agera
3377,100,One:1
3741,100,Regera
730,100,科尼赛克CCR
731,100,科尼赛克CCX
732,100,科尼赛克CCXR
2612,156,卡尔森 C25
2611,156,卡尔森 S级
2610,156,卡尔森 GL级
3299,191,开利
2419,139,战盾
2063,52,雷克萨斯CT
201,52,雷克萨斯IS
403,52,雷克萨斯ES
261,52,雷克萨斯GS
341,52,雷克萨斯LS
3442,52,雷克萨斯NX
112,52,雷克萨斯GX
3934,52,雷克萨斯RX
352,52,雷克萨斯LX
2623,52,雷克萨斯LC
3758,52,雷克萨斯RC
3737,52,雷克萨斯LF-SA
4593,52,LS概念车
3944,52,雷克萨斯LF-FC
4197,52,雷克萨斯UX
4644,52,雷克萨斯LF-1 Limitless
3658,52,雷克萨斯LF-C2
915,52,雷克萨斯LF-Ch
720,52,雷克萨斯HS
2307,52,雷克萨斯LF-Gh
698,52,雷克萨斯LF-Xh
3203,52,雷克萨斯LF-NX
351,52,雷克萨斯RX经典
2900,52,雷克萨斯LF-CC
332,52,雷克萨斯SC
3238,52,雷克萨斯RC F
3756,52,雷克萨斯IS F
3755,52,雷克萨斯GS F
697,52,雷克萨斯LFA
3871,49,发现神行
3521,49,揽胜极光
754,49,揽胜极光(进口)
4316,49,揽胜星脉
802,49,发现
850,49,揽胜运动版
69,49,揽胜
4579,49,揽胜新能源
4569,49,揽胜运动版新能源
2410,49,路虎DC100
3565,49,发现神行(进口)
256,49,卫士
3435,49,发现 Vision
77,49,神行者2
3174,49,Series I
3177,49,神行者
793,51,林肯MKZ
3731,51,林肯大陆
2991,51,林肯MKC
758,51,林肯MKX
95,51,领航员
4749,51,飞行家
4635,51,航海家
794,51,林肯MKT
870,51,林肯C
869,51,林肯MKS
4014,51,Model L
103,51,城市
75,53,北斗星
3216,53,北斗星X5
3112,53,利亚纳A6
4020,53,吉姆尼
2049,53,派喜
432,53,利亚纳
2534,53,浪迪
872,53,奥拓
362,53,雨燕
3528,53,启悦
529,53,天语 SX4
3858,53,维特拉
4435,53,骁途
3288,53,Authentics
94,53,羚羊
2242,53,天语 尚悦
3185,53,锋驭
508,53,吉姆尼(进口)
3926,53,英格尼斯
500,53,超级维特拉
3281,53,A:Wind
3358,53,CELERIO
3927,53,MIGHTY DECK
3012,53,SOLIO
4598,53,Spacia
2983,53,Wagon R
674,53,奥拓(海外)
2708,53,铃木G70
707,53,Splash(海外)
3744,53,铃木iK-2
2176,53,速翼特
3476,53,ALIVIO(海外)
3047,53,Authentics(海外)
3888,53,Baleno
3592,53,Ciaz
3260,53,Crosshiker
4561,53,e-Survivor
3584,53,VITARA(海外)
4036,53,锋驭(海外)
3745,53,铃木iM-4
3212,53,铃木iV-4
4559,53,铃木XBEE
4528,53,维特拉(海外)
2905,53,S-CROSS
3929,53,Air Triser
2225,53,铃木SX4(海外)
892,53,凯泽西
2022,53,铃木XL7
265,54,幻影
836,54,古思特
3015,54,魅影
3838,54,曜影
4153,54,VISION Next100
3728,54,劳斯莱斯20/25 HP
3778,54,库里南
4467,54,慧影
4636,54,Silver Cloud
3724,54,Silver Shadow
4098,10,科雷傲
3870,10,科雷嘉
908,10,风朗
2268,10,卡缤
2029,10,Espace
887,10,Twingo
3147,10,Twin-Run
3057,10,Twin-Z
3077,10,Twizy
3834,10,雷诺XBA
784,10,Clio
886,10,Symbol
3297,10,雷诺Logan
2706,10,雷诺ZOE
3612,10,Eolab
4718,10,EZ-GO
3368,10,Kwid
3865,10,Sandero
4548,10,SYMBIOZ
196,10,梅甘娜
2765,10,塔利斯曼
3222,10,Duster Detour
4249,10,Duster Extreme Concept
686,10,科雷傲(进口)
3717,10,科雷嘉(海外)
4216,10,雷诺Duster
3211,10,Initiale
3659,10,Kangoo
2285,10,R-Space
3892,10,Trafic
199,10,风景
2830,10,Alpine A110
3856,10,Alpine Celebration
4032,10,Alpine Vision
3719,10,Alpine Vision Gran Turismo
3940,10,Coupe Corbusier
4210,10,TREZOR
3905,10,Alaskan
3645,10,Duster Oroch
885,10,Kangoo be bop
188,10,拉古那
2184,10,纬度
257,10,威赛帝
2189,10,DeZir
2052,10,Wind
2775,48,Urus
3277,48,Huracan
2277,48,Aventador
3623,48,Asterion
4033,48,Centenario
3760,48,Diablo
3137,48,Egoista
4603,48,Terzo Millennio
3020,48,Veneno
3517,48,兰博基尼 5-95
2655,48,兰博基尼LM002
739,48,Estoque
354,48,Gallardo
174,48,Murcielago
727,48,Reventon
2215,48,Sesto Elemento
4111,78,猎豹CS9
4428,78,猎豹CS9新能源
3472,78,猎豹CS10
961,78,黑金刚
3150,78,猎豹Q6
4126,78,猎豹CT7
706,78,飞腾
4112,78,猎豹C5-EV
4804,78,猎豹CS3 BEV
4682,78,迈途
845,78,欧酷曼
815,78,猎豹CS7
3124,78,飞腾C5
962,78,猎豹6481
569,78,猎豹CS6
568,78,骐菱
2520,78,飞铃
2521,78,飞扬
3034,78,猎豹CT5
4221,279,领克01
4402,279,领克03
4225,279,LYNK概念车
4224,279,01概念车
4840,279,领克01新能源
4616,279,领克02
4302,88,陆风X2
2883,88,陆风X5
3413,88,陆风X7
833,88,陆风X8
4233,88,陆风逍遥
571,88,风华
501,88,陆风X6
635,88,陆风X9
468,88,风尚
3864,241,RALLY FIGHTER
4332,80,力帆330EV
4329,80,力帆620EV
3326,80,力帆820
3220,80,力帆X50
2134,80,力帆X60
3987,80,迈威
3759,80,力帆X80
4194,80,轩朗
2503,80,丰顺
2800,80,福顺
3631,80,乐途
2502,80,兴顺
3228,80,力帆T11
3229,80,力帆T21
4124,80,力帆650
4773,80,力帆650EV
3798,80,力帆X40
4454,80,力帆X70
3797,80,力帆X70概念车
597,80,力帆320
3082,80,力帆330
2957,80,力帆530
443,80,力帆520
596,80,力帆620
3083,80,力帆630
2312,80,力帆720
583,89,竞速
691,89,竞悦
928,89,莲花L3
2125,89,莲花L5
2782,89,莲花L6
2802,89,莲花T5
2344,89,莲花Europa
3590,215,雷丁E60
4843,124,理念纯电动CONCEPT
2248,124,理念S1
272,50,Elise
681,50,Evora
891,50,Exige
3867,50,3-Eleven
2221,50,Elan
2223,50,Elite
330,50,Esprit
2222,50,Eterne
2620,50,Europa
2621,50,Excel
2102,118,Lorinser S级
4600,118,Lorinser GS500
4509,204,威途X35
4121,265,LeSEE
4694,320,LEVC TX
4273,285,Lucid Air
3900,244,Vesta
4188,244,XCODE
3950,244,XRAY
4501,244,泥瓦
4720,323,Lagonda Vision Concept
2271,121,Ypsilon
2430,121,Flavia
2240,121,蓝旗亚Delta
2509,121,Thema
2239,121,Stratos
3105,183,朗世
4442,183,RF-EA2
4068,261,雷诺三星SM6
4148,261,雷诺三星QM6
4677,318,LP-S01
3666,225,领志i1
4667,316,天王星
4726,316,Venere
3294,58,马自达3 Axela昂克赛拉
2987,58,马自达CX-5
433,58,马自达2
641,58,马自达2劲翔
363,58,马自达3
2418,58,马自达3星骋
3154,58,阿特兹
3968,58,马自达CX-4
22,58,马自达6
655,58,睿翼
3066,58,马自达CX-7
2118,58,马自达8
3538,58,马自达CX-3
672,58,马自达MX-5
3394,58,Hazumi
946,58,马自达2(海外)
4591,58,魁
584,58,马自达3(进口)
3096,58,ATENZA
2518,58,Takeri
728,58,马自达6(进口)
3887,58,KOERU越
2284,58,Minagi
2391,58,马自达CX-5(进口)
4452,58,马自达CX-8
1005,58,马自达CX-9
4590,58,VISION COUPE
3694,58,马自达LM55
3942,58,马自达RX-VISION
3850,58,马自达BT-50
2933,58,Kiyora
4071,58,Millenia
2202,58,Shinari
658,58,马自达CX-7(进口)
578,58,马自达5
304,58,马自达8(进口)
2934,58,Ryuga
2647,58,马自达RX-7
295,58,马自达RX-8
2147,20,名爵3
555,20,名爵3SW
835,20,名爵6
4605,20,名爵6新能源
3547,20,锐行
4247,20,名爵ZS
3065,20,锐腾
2758,20,ICON
3815,20,名爵iGS
4816,20,名爵X-motion
4395,20,名爵E-motion
532,20,名爵5
531,20,名爵7
533,20,名爵TF
3060,57,Ghibli
289,57,总裁
2428,57,Levante
551,57,GranTurismo
903,57,GranCabrio
3402,57,Alfieri
322,57,Coupe
3842,57,Mostro
974,57,GranSport
2709,57,玛莎拉蒂MC12
191,57,玛莎拉蒂Spyder
2902,129,迈凯伦P1
3809,129,迈凯伦540C
4040,129,迈凯伦570GT
3767,129,迈凯伦570S
4366,129,迈凯伦720S
3620,129,迈凯伦625C
3382,129,迈凯伦650S
3733,129,迈凯伦675LT
3247,129,迈凯伦500S
4564,129,迈凯伦BP23
3527,129,迈凯伦P15
2872,129,迈凯伦X-1
4650,129,迈凯伦塞纳
2293,129,迈凯伦12C
3024,129,迈凯伦F1
209,56,MINI
749,56,MINI CLUBMAN
750,56,MINI COUNTRYMAN
2276,56,MINI ROCKETMAN
2676,56,MINI CLUBVAN
4529,56,MINI Electric
3172,56,MINI VISION
4152,56,MINI VISION Next100
3516,56,MINI Superleggera Vision
930,56,MINI ROADSTER
3042,56,MINI VAN
2007,56,MINI BEACHCOMBER
2241,56,MINI PACEMAN
904,56,MINI COUPE
3178,56,MINI JCW
3179,56,MINI JCW CLUBMAN
3181,56,MINI JCW COUNTRYMAN
3182,56,MINI JCW PACEMAN
3180,56,MINI JCW COUPE
4049,168,摩根EV3
3491,168,3 Wheeler
3153,168,摩根4-4
2835,168,摩根Aero
3736,168,摩根Aero 8
3152,168,摩根Plus 4
2836,168,摩根Plus 8
3151,168,摩根Roadster
389,55,迈巴赫
3738,229,MILA Plus
4010,250,KUV 100
4145,268,Evantra Millecavalli
2988,130,纳5
3939,130,锐3
4497,130,U5 SUV
3293,130,优6 SUV
2295,130,大7 SUV
3040,130,大7 MPV
2296,130,MASTER CEO
4649,130,U5 EV
2320,130,neora
2609,130,S5 TURBO
4540,130,裕隆汽车U5
3242,130,U6 TURBO
2303,130,U7 TURBO
3432,213,开沃D11
4323,228,QUANT 48Volt
3725,228,QUANT F
3746,228,Quantino
4470,295,NEVS 9-3
4471,295,NEVS 9-3X
2377,136,Noble M600
2374,136,Noble M12
2375,136,Noble M14
2376,136,Noble M15
4381,60,讴歌TLX-L
4096,60,讴歌CDX
4820,60,讴歌RDX
524,60,讴歌MDX
806,60,讴歌ZDX
2641,60,讴歌NSX
888,60,讴歌RDX(进口)
2642,60,讴歌ILX
3328,60,讴歌TLX
755,60,讴歌TSX
2748,60,讴歌RLX
3109,60,SUV-X
4005,60,PRECISION
479,60,讴歌TL
464,60,讴歌RL
2710,60,Integra
2563,146,欧朗
2859,59,欧宝Adam
3679,59,Karl
753,59,欧宝Corsa
785,59,Ampera
348,59,雅特
653,59,英速亚
4295,59,欧宝Crossland X
2645,59,欧宝Mokka
4296,59,Grandland X
3912,59,Vivaro
2021,59,麦瑞纳
381,59,赛飞利
3193,59,Monza
2916,59,欧宝Cascada
2092,59,欧宝GT
993,59,Agila
2416,59,欧宝RAK
182,59,威达
670,59,安德拉
2071,59,Flextreme GT-E
625,331,欧拉
4826,331,欧拉R1
4827,331,欧拉R2
4678,331,欧拉iQ
3879,242,欧联M1
4660,332,COS1°
2263,61,Huayra
366,61,Zonda
4581,308,Polestar 1
3092,186,CEVENNES
3625,186,Coastline
3102,186,HEMERA
4505,62,KX CROSS
4387,62,焕驰
2319,62,起亚K2
813,62,福瑞迪
2886,62,起亚K3
4523,62,凯绅
3286,62,起亚K4
2246,62,起亚K5
3664,62,起亚KX3
3954,62,起亚KX5
2137,62,智跑
4200,62,起亚KX7
4834,62,起亚K5新能源
4824,62,奕跑
142,62,千里马
454,62,锐欧
876,62,秀尔
413,62,赛拉图
3385,62,起亚K3S
298,62,远舰
565,62,狮跑
284,62,嘉华
2681,62,起亚K9
2420,62,斯汀格
3198,62,极睿
281,62,索兰托
591,62,霸锐
453,62,佳乐
3448,62,嘉华(进口)
2032,62,Picanto
3018,62,Provo
2616,62,Ray EV
666,62,Soul
2274,62,锐欧(海外)
757,62,Forte
919,62,Venga
899,62,起亚Ceed
3044,62,起亚CUB
2866,62,起亚K3(海外)
890,62,起亚K5(进口)
4536,62,Proceed
3729,62,SPORTSPACE
1010,62,凯尊
3265,62,起亚K900
4475,62,Stonic
4688,62,起亚SP
452,62,SPORTAGE
4669,62,极睿新能源
3009,62,Cross GT
4004,62,Telluride
3342,62,GT4 Stinger
2219,62,起亚POP
2002,62,Magentis
275,62,欧菲莱斯
2301,62,Naimo
502,62,起亚VQ
2048,62,起亚Kee
1016,62,速迈
2989,26,奇瑞QQ
3405,26,艾瑞泽5
2980,26,艾瑞泽7
2324,26,奇瑞E5
3397,26,瑞虎3
4099,26,瑞虎3x
3195,26,瑞虎5
4531,26,瑞虎5x
3766,26,瑞虎7
4693,26,瑞虎8
2914,26,爱卡
2772,26,奇瑞@ANT
3285,26,奇瑞E2
4787,26,艾瑞泽GX
4084,26,奇瑞FV2030
3446,26,concept β
4822,26,奇瑞EXEED LX
4516,26,奇瑞EXEED TX
2759,26,奇瑞TX
4406,26,瑞虎概念轿跑SUV
87,26,奇瑞QQ3
478,26,奇瑞QQ6
612,26,奇瑞QQme
996,26,旗云1
837,26,风云2
518,26,奇瑞A1
2953,26,奇瑞E3
85,26,旗云
2178,26,旗云2
3157,26,艾瑞泽3
4223,26,艾瑞泽7e
84,26,风云
530,26,奇瑞A3
434,26,奇瑞A5
3445,26,奇瑞α5
3072,26,奇瑞α7
2180,26,旗云3
83,26,东方之子
2331,26,旗云5
621,26,东方之子6
854,26,奇瑞X1
396,26,瑞虎
3071,26,奇瑞β5
3300,26,艾瑞泽M7
451,26,东方之子Cross
3648,26,奇瑞eQ
4218,26,奇瑞eQ1
4262,26,艾瑞泽5e
4624,26,瑞虎3xe
4627,26,奇瑞C3e
3920,26,奇瑞QQ3EV
2955,122,晨风
2341,122,启辰D50
4490,122,启辰D60
2867,122,启辰R50
3226,122,启辰R50X
3618,122,启辰T70
3904,122,启辰T70X
4115,122,启辰T90
4315,122,启辰M50V
3114,122,启辰ViWa
3787,122,启辰VOW
4821,122,启辰The X
3475,122,启辰R30
4431,289,祺智PHEV
4656,312,庆铃TAGA
3820,235,前途K50
4779,235,前途K20
4780,235,前途Concept 1
3621,222,乔治・巴顿
2086,63,玛驰
522,63,骊威
425,63,骐达
448,63,轩逸
64,63,阳光
3817,63,LANNIA 蓝鸟
634,63,天籁
3957,63,西玛
4305,63,劲客
564,63,逍客
656,63,奇骏
2381,63,楼兰
4766,63,轩逸・纯电
355,63,颐达
63,63,蓝鸟
475,63,骏逸
4691,63,途达
2113,63,日产NV200
4307,63,纳瓦拉
2466,63,日产D22
2853,63,日产ZN厢式车
53,63,帕拉丁
264,63,途乐
438,63,贵士
702,63,日产370Z
436,63,日产GT-R
2578,63,碧莲
2656,63,Invitation
764,63,Cube
992,63,Note
3743,63,Sway
3930,63,Teatro for Dayz
2070,63,玛驰(海外)
3110,63,Friend-ME
3509,63,Pulsar
2890,63,Sentra
2186,63,Versa
894,63,聆风
3943,63,日产IDS
932,63,Altima
3353,63,Sport Sedan
4289,63,Vmotion 2.0
4595,63,日产IMx
751,63,西玛(海外)
2918,63,Extrem
2054,63,JUKE
2893,63,Terra
3641,63,劲客(海外)
2701,63,Hi-Cross
2194,63,Rogue
208,63,奇骏(进口)
775,63,逍客(海外)
2996,63,Resonance
958,63,楼兰(海外)
2061,63,Pathfinder
4675,63,Xmotion
960,63,ARMADA
3274,63,Serena
838,63,日产NV200(海外)
4730,63,日产NV200新能源(海外)
4138,63,日产NV300
2550,63,日产NV3500
3531,63,2020 Vision Gran Turismo
3241,63,BladeGlider
2266,63,Esflow
3914,63,Gripz
3255,63,日产IDX
2981,63,Frontier
2479,63,Titan
3534,63,纳瓦拉(海外)
937,63,Land Glider
2549,63,Pivo 3
3469,63,蓝鸟・印象
205,63,风度
376,63,风雅
3635,63,Cedric
204,63,CIMA
2680,63,Silvia
316,63,日产350Z
2779,19,荣威e50
2062,19,荣威350
3857,19,荣威360
537,19,荣威550
3978,19,荣威e550
4554,19,荣威Ei5
4263,19,荣威ei6
4246,19,荣威i6
2743,19,荣威950
3977,19,荣威e950
4473,19,荣威RX3
4080,19,荣威RX5
4240,19,荣威RX5新能源
2297,19,荣威W5
4665,19,荣威RX8
4399,19,Vision-E
4653,19,Marvel X
3956,19,Vision-R
482,19,荣威750
2970,174,如虎 CTR 3
3748,174,Turbo Florio
4479,296,瑞驰新能源EC35
4053,254,RXC Turbo
3701,227,RENOVO COUPE
3860,239,Beast
4037,252,Concept One
4052,252,Concept S
4728,252,Concept Two
3684,193,Budii
3315,193,XchangE
4648,193,Snap
3986,193,Etos
804,103,瑞麒M1
2173,103,瑞麒M3
2507,103,瑞麒G2
853,103,瑞麒M5
2109,103,瑞麒G3
797,103,瑞麒G5
791,103,瑞麒G6
662,103,瑞麒A6CC
4690,67,柯米克
382,67,晶锐
519,67,明锐
3290,67,昕动
2962,67,昕锐
3171,67,速派
4453,67,柯珞克
4217,67,柯迪亚克
3013,67,Yeti
772,67,昊锐
356,67,明锐(进口)
3269,67,速尊
2463,67,Citigo
3770,67,Favorit
795,67,晶锐(海外)
2421,67,MissionL
3369,67,VISION C
2286,67,VISION D
3270,67,昕动(海外)
2843,67,昕锐(海外)
357,67,速派(进口)
4692,67,VISION X
858,67,Yeti(进口)
4021,67,VISION S
4451,67,柯珞克(海外)
4389,67,VISION E
4129,67,柯迪亚克(海外)
3452,67,CitiJet
2003,67,Roomster
3832,67,Felicia
3458,67,斯柯达1000 MB
3753,67,斯柯达440
4651,67,斯柯达VOS
25,68,欧蓝德经典
24,68,帕杰罗速跑
873,68,翼神
3131,68,风迪思
458,68,蓝瑟
483,68,三菱戈蓝
668,68,君阁
128,68,菱绅
2768,68,劲炫ASX
4147,68,欧蓝德
3008,68,帕杰罗・劲畅
4807,68,Eclipse Cross
377,68,帕杰罗
4313,68,GRAND LANCER
580,68,帕杰罗(进口)
3145,68,Attrage
3219,68,eK Space
2287,68,Global Small
2588,68,Mirage
3021,68,三菱CA-MiEV
652,68,三菱i
369,68,LANCER
3348,68,Mirage G4
3070,68,三菱G4
3932,68,三菱eX
1018,68,ASX劲炫(进口)
4308,68,Eclipse Cross(海外)
4573,68,e-EVOLUTION
486,68,欧蓝德(进口)
4722,68,欧蓝德PHEV(进口)
4203,68,三菱GT-PHEV
3253,68,三菱XR-PHEV
2332,68,帕杰罗・劲畅(进口)
3252,68,三菱GC-PHEV
4500,68,Xpander
3254,68,三菱AR
4180,68,三菱XM
3022,68,三菱GR-HEV
3525,68,三菱L200
760,68,Colt
933,68,三菱PX-MiEV
325,68,格蓝迪
2648,68,三菱3000GT
651,68,伊柯丽斯
287,65,力狮
2417,65,斯巴鲁XV
285,65,森林人
286,65,傲虎
3251,65,CROSS SPORT
4562,65,VIZIV Performance
4721,65,VIZIV Tourer
3263,65,斯巴鲁WRX
283,65,翼豹
3250,65,LEVORG
3023,65,Viziv
3261,65,Crossover 7
4398,65,Ascent
4257,65,VIZIV-7
948,65,Exiga
2283,65,Trezia
2557,65,斯巴鲁BRZ
941,65,Hybrid
2586,65,Advanced Tourer
414,65,驰鹏
3532,65,斯巴鲁SVX
4120,155,上汽大通D90
4338,155,上汽大通EG10
3064,155,上汽大通G10
2608,155,上汽大通V80
4241,155,上汽大通T60
4814,155,TARANTULA
4686,155,上汽大通G50
3192,155,伊思坦纳
141,69,主席
3406,69,蒂维拉
2214,69,柯兰多
455,69,爱腾
3132,69,雷斯特W
516,69,路帝
3372,69,途凌
3723,69,RIOS
3908,69,双龙XLV-Air
4719,69,双龙e-SIV
4030,69,双龙SIV-2
3773,69,双龙XAV
3907,69,双龙XAV-Adventure
139,69,雷斯特
4201,69,双龙LIV-2
4357,69,双龙XAVL
4220,69,Musso
2907,69,双龙e-XIV
2437,69,双龙XIV-1
2699,69,双龙XIV-2
3609,69,双龙XIV-Adventure
3608,69,双龙XIV-Air
817,69,双龙C200
3029,69,双龙SIV-1
485,69,享御
3039,69,双龙LIV-1
3966,205,赛麟领道
3488,205,迈迈
4607,205,赛麟S1
3468,205,赛麟S7
3487,205,赛麟科迈罗
3485,205,赛麟挑战者
3486,205,赛麟Mustang
620,45,smart fortwo
1004,45,smart forfour
4328,45,smart forfour新能源
2958,45,smart forjeremy
2898,45,smart forstars
4326,45,smart fortwo新能源
3205,45,smart fourjoy
4551,45,smart Vision EQ fortwo
2638,45,smart for-us
2273,45,smart forspeed
2436,45,smart forvision
2750,45,smart roadster
2751,162,思铭
4336,269,SWM斯威X3
4151,269,SWM斯威X7
4684,269,SWM斯威G01
3769,137,Scion iA
2382,137,Scion xB
3660,137,Scion iM
3962,137,Scion C-HR
2590,137,Scion FR-S
2383,137,Scion tC
2384,137,Scion xD
4752,325,SF SF5
4753,325,SF SF7
4060,258,SIN R1
4795,330,SOL E20X
2254,127,Spirra思派朗
2398,138,Tuatara
2399,138,Ultimate
343,64,Saab 9-3
2635,64,Saab 92
2632,64,Saab 9-2X
2633,64,Saab 96
2630,64,Saab 900
2636,64,Saab 93
2634,64,Saab 99
2631,64,Saab 9000
211,64,Saab 9-5
2067,64,Saab 9-4X
867,64,Saab 9-7
2289,64,PhoeniX
741,64,Saab 9-X
2637,64,Sonett
2982,178,上海SH760
599,66,世爵C8
654,66,世爵D12
3025,66,世爵B6
742,66,世爵C12
2783,147,首望
506,90,小贵族
13,90,来宝SRV
345,90,双环SCEO
3675,226,Haflinger
4078,133,Model 3
2357,133,Model S
2664,133,Model X
2356,133,Roadster
3393,202,泰卡特 T9
3392,202,泰卡特 T7
3389,202,泰卡特 T1
3390,202,泰卡特 T2
3391,202,泰卡特 T3
2805,161,腾势
3833,236,TOROIDION 1MW
2249,125,Tramontana
4538,135,Griffith
2373,135,Sagaris
2372,135,Tuscan
3973,200,Zica
4063,200,Tiago
4727,200,EVision
3370,200,Nexon
4703,200,塔塔H5X
3752,200,HEXA
3536,200,Xenon
4059,255,AT96 TREV
4058,255,GT96 TREV
4367,255,至仁
4354,287,Dendrobium
4006,249,Force 1
463,70,沃尔沃S40
693,70,沃尔沃S80L
3158,70,沃尔沃S60L
4335,70,沃尔沃S60L新能源
4206,70,沃尔沃S90
3411,70,沃尔沃XC60
4609,70,沃尔沃XC60新能源
3420,70,XC Classic
2678,70,沃尔沃V40
404,70,沃尔沃S60
2190,70,沃尔沃V60
4029,70,沃尔沃V90
177,70,沃尔沃XC90
4337,70,沃尔沃XC90新能源
4135,70,Concept 40.2
3396,70,Estate
747,70,沃尔沃V50
175,70,沃尔沃S80
3861,70,沃尔沃S90(进口)
743,70,沃尔沃V70
2345,70,Universe
2426,70,沃尔沃You
4134,70,Concept 40.1
3689,70,沃尔沃XC40
585,70,沃尔沃XC60(进口)
405,70,沃尔沃XC70
3314,70,XC Coupe
3196,70,沃尔沃Coupe
494,70,沃尔沃C30
981,70,沃尔沃S40(进口)
2234,70,Air Motion
406,70,沃尔沃C70
4253,283,WEY VV5
4441,283,WEY P8
4252,283,WEY VV7
4631,283,WEY VV6
4782,283,WEY-X
4541,283,WEY XEV
4408,114,五菱宏光S3
2139,114,五菱宏光
2451,114,五菱荣光
3657,114,五菱荣光V
2456,114,五菱之光
4270,114,五菱之光V
2506,114,PN货车
2855,114,五菱荣光小卡
3946,114,五菱之光小卡
3570,114,五菱征程
4265,284,蔚来EP9
4427,284,蔚来ES8
4373,284,蔚来EVE
3576,167,mu-X牧游侠
3562,167,D-MAX
4775,167,铃拓
3935,167,瑞迈
2834,167,五十铃皮卡
3571,167,五十铃mu-X(海外)
3564,167,D-MAX(海外)
4652,291,威马EX5
4446,291,威马AG2020
4819,291,威马EX6
4818,291,Commendatore GT
3306,192,英致G3
3882,192,英致G5
3969,192,英致727
3653,192,英致737
4657,192,英致EX1
3337,192,英致P80
3799,233,Lykan HyperSport
3953,233,芬尼尔SuperSport
613,102,威麟X5
909,102,威麟V5
839,102,威麟V8
2539,102,威麟H5
2538,102,威麟H3
725,99,威兹曼GT
2291,99,威兹曼Spyder
959,99,威兹曼Roadster
3606,159,VIVA
2858,159,沃克斯豪尔Adam
2670,159,沃克斯豪尔Corsa
2672,159,Astra
2668,159,沃克斯豪尔Insignia
2667,159,沃克斯豪尔VXR8
4297,159,Crossland X
4143,159,沃克斯豪尔Zafira
3037,159,沃克斯豪尔Cascada
3988,159,Maloo
3826,159,沃克斯豪尔LM14/40
2115,12,瑞纳
3415,12,瑞奕
4107,12,悦纳
4222,12,悦纳RV
586,12,悦动
2764,12,朗动
3959,12,领动
4496,12,伊兰特EV
3073,12,名图
3672,12,索纳塔九
4615,12,ENCINO
3292,12,北京现代ix25
358,12,途胜
1007,12,北京现代ix35
2927,12,全新胜达
4229,12,CELESTA
4833,12,悦动RV
4817,12,LAFESTA
4654,12,索纳塔新能源
431,12,雅绅特
814,12,北京现代i30
51,12,伊兰特
690,12,领翔
866,12,名驭
2649,12,索纳塔
50,12,索纳塔八
429,12,御翔
3613,12,康恩迪
2256,12,Veloster飞思
446,12,雅尊
3453,12,捷恩斯
255,12,雅科仕
3164,12,格越
2117,12,H-1辉翼
995,12,现代i10
3366,12,Xcent
3245,12,瑞纳(海外)
2899,12,现代HB20
805,12,现代i20
2206,12,现代ix20
936,12,雅绅特(海外)
3651,12,Aslan
2174,12,Avante
2698,12,IONIQ
710,12,现代i30(海外)
4207,12,现代RN30
712,12,伊兰特(海外)
2300,12,Blue2
4545,12,Genesis G70
1017,12,索纳塔(进口)
2272,12,现代i40
4176,12,Genesis G80
3522,12,现代AG
3982,12,Genesis G90
4025,12,Carlino sub-4m
3855,12,Creta
3960,12,HND-12 Enduro
4465,12,KONA
4708,12,KONA新能源
3772,12,Enduro
3310,12,Intrado
975,12,途胜(进口)
971,12,现代ix35(海外)
2984,12,全新胜达(进口)
4361,12,FE Fuel Cell
4397,12,Genesis GV80
4668,12,Nexo
127,12,新胜达(进口)
4751,12,Genesis Essentia
4717,12,Le Fil Rouge
3921,12,N 2025 VGT
3890,12,Vision G
3045,12,现代HND-9
4144,12,现代RM16
3596,12,现代H350
3711,12,Santa Cruz
2199,12,现代RB
131,12,君爵
594,12,劳恩斯
2257,12,Curb
807,12,Nuvis
976,12,圣达菲(进口)
510,12,维拉克斯
457,12,美佳
2077,12,i-flow
252,12,酷派
756,12,劳恩斯-酷派
163,71,赛欧
3923,71,乐风RV
657,71,科鲁兹
4105,71,科沃兹
2313,71,迈锐宝
4031,71,迈锐宝XL
3335,71,创酷
2583,71,科帕奇
4235,71,探界者
2348,71,爱唯欧
420,71,乐骋
439,71,乐风
397,71,景程
678,71,科迈罗
2362,71,库罗德
2405,71,索罗德
808,71,斯帕可
3938,71,雪佛兰EN-V
4024,71,Beat Activ
3710,71,Bolt
4026,71,Essentia
2919,71,Onix
2255,71,Sonic
2037,71,爱唯欧(海外)
2364,71,Cobalt
1014,71,科鲁兹(海外)
682,71,沃蓝达
2747,71,Impala
722,71,迈锐宝(海外)
3011,71,雪佛兰SS
3365,71,Adra
3583,71,Niva
2869,71,创酷(海外)
546,71,科帕奇(进口)
868,71,探界者(海外)
2553,71,雪佛兰TrailBlazer
766,71,Traverse
3213,71,Suburban
2854,71,Tahoe
3138,71,City Express
2851,71,Spin
3670,71,Chaparral 2X Vision
4384,71,CHEVROLET FNR-X
2639,71,Code
2330,71,Miray
387,71,科尔维特
3806,71,雪佛兰FNR
2640,71,雪佛兰Tru
761,71,Orlando
4685,72,云逸 C4 AIRCROSS
2945,72,雪铁龙C4L
639,72,世嘉
98,72,爱丽舍
3873,72,C4世嘉
792,72,雪铁龙C5
4043,72,雪铁龙C6
3429,72,雪铁龙C3-XR
4370,72,天逸 C5 AIRCROSS
476,72,雪铁龙C2
293,72,富康
388,72,凯旋
230,72,赛纳
232,72,毕加索
2473,72,雪铁龙C4 Aircross(进口)
473,72,C4 PICASSO
2208,72,C-Zero
2053,72,雪铁龙C1
664,72,C3毕加索
4042,72,E-MEHARI
329,72,雪铁龙C3
2844,72,爱丽舍(海外)
480,72,雪铁龙C4
2909,72,雪铁龙C4L(海外)
212,72,雪铁龙C5(进口)
4189,72,CXPERIENCE
2942,72,Metropolis
3646,72,AirCross
4301,72,雪铁龙C3 AIRCROSS(海外)
3206,72,雪铁龙C4 Cactus
809,72,Berlingo
3010,72,Technospace
2413,72,Tubik
2753,72,Numero 9
3976,72,SPACETOURER
2209,72,Lacoste
922,72,REVOLTe
745,72,雪铁龙C2(海外)
4081,72,雪铁龙BX
3555,72,雪铁龙CX
440,72,雪铁龙C6(进口)
950,72,C-Crosser
2072,72,Survolt
2079,72,雪铁龙GQ
2031,72,雪铁龙GT
3090,185,凯胜
4758,306,鑫源X30L
4567,306,鑫源X30LEV
4781,324,SITECH DEV 1
4489,275,小鹏汽车G3
4202,275,小鹏汽车BETA版
2474,98,西雅特Mii
714,98,伊比飒
718,98,LEON
2684,98,Toledo
717,98,Exeo
2422,98,西雅特IBL
4455,98,Arona
4028,98,Ateca
2280,98,西雅特IBX
4704,98,Tarraco
3740,98,西雅特20V20
2105,98,欧悦搏
716,98,Altea
2069,98,西雅特IBE
3591,73,英菲尼迪QX50
3553,73,英菲尼迪Q50L
2992,73,英菲尼迪Q50
3097,73,英菲尼迪Q70
3535,73,英菲尼迪ESQ
3652,73,英菲尼迪QX30
3043,73,英菲尼迪QX60
3099,73,英菲尼迪QX70
3100,73,英菲尼迪QX80
3201,73,英菲尼迪Q60
2270,73,Etherea
3176,73,英菲尼迪Q30
2749,73,英菲尼迪LE
4676,73,Q Inspiration概念车
3617,73,英菲尼迪Q80
4091,73,QX Sport Inspiration
3098,73,英菲尼迪QX50(进口)
2679,73,Emerg-E
4514,73,Prototype 9
3690,73,英菲尼迪GranTurismo
383,73,英菲尼迪G系
581,73,英菲尼迪M系
605,73,英菲尼迪EX
122,73,英菲尼迪FX
2400,73,英菲尼迪JX
416,73,英菲尼迪QX
783,73,Essence
3202,73,英菲尼迪Q60S
2716,110,威志V5
878,110,夏利N5
2781,110,夏利N7
4404,110,骏派A50
3979,110,骏派A70
4415,110,骏派A70E
3081,110,骏派D60
4405,110,骏派CX65
4680,110,骏派D80
106,110,威乐
444,110,威志
879,110,威志V2
104,110,威姿
101,110,夏利
2795,110,一汽X121
2797,110,一汽NH2
2159,110,一汽TFC
2796,110,一汽NS2
4754,110,SENIA R9
3824,110,SENIA R7
2469,110,佳宝V52
2468,110,佳宝V55
3775,110,佳宝V75
3776,110,佳宝V77
3052,110,佳宝V80
2526,110,佳宝T50
2525,110,佳宝T51
2465,110,佳宝T57
3459,110,解放T80
2131,110,森雅S80
913,110,森雅M80
2464,110,佳宝V70
2870,110,佳宝V70 II代
2603,110,坤程
2888,111,野马T70
3765,111,野马T80
3906,111,野马U能E350
4425,111,斯派卡
4510,111,野马EC30
3588,111,野马C18
3199,111,野马F18
4434,111,野马T60
2441,111,野马T系
4633,111,野马EC60
2442,111,野马E系
2979,111,野马F19
2889,111,野马A-MPV
3003,111,野马M302
2887,111,野马M31D
3200,111,野马M72
2378,111,野马F10
2445,111,野马F12
2440,111,野马F16
939,111,野马F99
4580,144,依维柯Daily(欧胜)
2533,144,依维柯Power Daily
2532,144,依维柯得意
2531,144,都灵
3619,144,Iveco VISION
3777,263,驭胜S330
2228,263,驭胜S350
4320,286,云度π1
4321,286,云度π3
4437,286,云度Xπ
4772,286,云度π7
4508,232,御捷E驰
4589,232,御捷E行
3762,232,御捷330
4574,307,裕路EV2
2828,93,永源五星
3087,93,猎鹰
424,93,永源A380
4670,317,云雀Q1
3947,247,SPORTS RIDE
3880,243,游侠 X
4737,94,众泰T800
3575,94,云100
3779,94,芝麻
3529,94,众泰E200
4371,94,众泰Z360
4327,94,众泰Z500EV
4317,94,众泰Z560
3627,94,众泰Z700
2333,94,众泰T300
3793,94,大迈X5
3899,94,众泰SR7
4417,94,众泰T500
4092,94,大迈X7
4070,94,众泰SR9
2334,94,众泰T600
4385,94,众泰T600 Coupe
3852,94,众泰T700
2480,94,众泰V10
3447,94,众泰E20
4757,94,众泰T300新能源
4835,94,众泰i-across
4507,94,众泰SR9新能源
4521,94,众泰B40
708,94,众泰M300
2230,94,江南TT
3002,94,众泰Z100
2161,94,众泰Z200
2171,94,众泰Z200HB
2337,94,众泰Z300
3425,94,众泰Z500
558,94,众泰2008
663,94,众泰5008
2336,94,众泰T200
3289,22,中华豚
2999,22,中华H220
2770,22,中华H230
4309,22,中华H230EV
3878,22,中华H3
2998,22,中华H330
2323,22,中华H530
3530,22,中华V3
2294,22,中华V5
4498,22,中华V6
3796,22,中华EV
3095,22,中华C3
4503,22,中华V7
2857,22,中华H320
860,22,中华骏捷Cross
523,22,中华骏捷FRV
825,22,中华骏捷FSV
411,22,中华骏捷
130,22,中华尊驰
490,22,中华酷宝
2658,74,中兴C3
3644,74,中兴GX3
4178,74,领主
2519,74,威虎
3881,74,小老虎
3115,74,中兴CP2
3127,74,陆地方舟
2850,74,无限
627,74,无限V3
2081,74,无限V5
2143,74,无限V7
2522,74,昌铃
2613,74,旗舰A9
3215,74,威虎G3
3706,206,知豆D1
3827,206,知豆D2
4597,206,知豆D3
3497,206,知豆
3237,182,之诺1E
4146,182,之诺60H
3816,182,Next
2602,153,Zenvo
4725,290,正道GT
4440,290,正道H600
4438,290,正道K750
4810,290,正道H500
4811,290,正道K350
4439,290,正道K550
