1,1,33,A,奥迪,Logo\33.JPG
2,2,35,A,阿斯顿·马丁,Logo\35.JPG
3,3,221,A,安凯客车,Logo\221.JPG
4,4,117,A,AC Schnitzer,Logo\117.JPG
5,5,34,A,阿尔法·罗密欧,Logo\34.JPG
6,6,272,A,ARCFOX,Logo\272.JPG
7,7,276,A,ALPINA,Logo\276.JPG
8,8,134,A,ABT,Logo\134.JPG
9,9,292,A,Agile Automotive,Logo\292.JPG
10,10,253,A,Apollo,Logo\253.JPG
11,11,251,A,Arash,Logo\251.JPG
12,12,310,A,Aria,Logo\310.JPG
13,13,303,A,ATS,Logo\303.JPG
14,14,273,A,艾康尼克,Logo\273.JPG
15,15,327,A,爱驰,Logo\327.JPG
16,16,36,B,奔驰,Logo\36.JPG
17,17,14,B,本田,Logo\14.JPG
18,18,15,B,宝马,Logo\15.JPG
19,19,38,B,别克,Logo\38.JPG
20,20,75,B,比亚迪,Logo\75.JPG
21,21,120,B,宝骏,Logo\120.JPG
22,22,13,B,标致,Logo\13.JPG
23,23,40,B,保时捷,Logo\40.JPG
24,24,27,B,北京,Logo\27.JPG
25,25,203,B,北汽幻速,Logo\203.JPG
26,26,95,B,奔腾,Logo\95.JPG
27,27,154,B,北汽制造,Logo\154.JPG
28,28,231,B,宝沃,Logo\231.JPG
29,29,39,B,宾利,Logo\39.JPG
30,30,173,B,北汽绅宝,Logo\173.JPG
31,31,79,B,北汽昌河,Logo\79.JPG
32,32,208,B,北汽新能源,Logo\208.JPG
33,33,140,B,巴博斯,Logo\140.JPG
34,34,143,B,北汽威旺,Logo\143.JPG
35,35,37,B,布加迪,Logo\37.JPG
36,36,271,B,比速汽车,Logo\271.JPG
37,37,301,B,北汽道达,Logo\301.JPG
38,38,302,B,拜腾,Logo\302.JPG
39,39,172,B,保斐利,Logo\172.JPG
40,40,257,B,宾尼法利纳,Logo\257.JPG
41,41,76,C,长安,Logo\76.JPG
42,42,77,C,长城,Logo\77.JPG
43,43,163,C,长安欧尚,Logo\163.JPG
44,44,196,C,成功汽车,Logo\196.JPG
45,45,294,C,长安轻型车,Logo\294.JPG
46,46,299,C,长安跨越,Logo\299.JPG
47,47,189,C,Caterham,Logo\189.JPG
48,48,171,C,Conquest,Logo\171.JPG
49,49,321,C,Corbellati,Logo\321.JPG
50,50,322,C,Cupra,Logo\322.JPG
51,51,293,C,昶洧,Logo\293.JPG
52,52,266,C,车和家,Logo\266.JPG
53,53,328,C,刺猬汽车,Logo\328.JPG
54,54,264,C,长江EV,Logo\264.JPG
55,55,1,D,大众,Logo\1.JPG
56,56,165,D,东风风行,Logo\165.JPG
57,57,169,D,DS,Logo\169.PNG
58,58,259,D,东风风光,Logo\259.JPG
59,59,32,D,东风,Logo\32.JPG
60,60,113,D,东风风神,Logo\113.JPG
61,61,81,D,东南,Logo\81.JPG
62,62,142,D,东风小康,Logo\142.JPG
63,63,41,D,道奇,Logo\41.JPG
64,64,187,D,东风风度,Logo\187.JPG
65,65,280,D,电咖,Logo\280.JPG
66,66,157,D,Dacia,Logo\157.JPG
67,67,217,D,Datsun,Logo\217.JPG
68,68,198,D,DMC,Logo\198.JPG
69,69,234,D,Donkervoort,Logo\234.JPG
70,70,92,D,大发,Logo\92.JPG
71,71,211,E,Elemental,Logo\211.JPG
72,72,3,F,丰田,Logo\3.JPG
73,73,8,F,福特,Logo\8.JPG
74,74,42,F,法拉利,Logo\42.JPG
75,75,141,F,福迪,Logo\141.JPG
76,76,11,F,菲亚特,Logo\11.JPG
77,77,96,F,福田,Logo\96.JPG
78,78,197,F,福汽启腾,Logo\197.JPG
79,79,282,F,福田乘用车,Logo\282.JPG
80,80,248,F,Faraday Future,Logo\248.JPG
81,81,132,F,Fisker,Logo\132.JPG
82,82,177,F,FM Auto,Logo\177.JPG
83,83,176,F,弗那萨利,Logo\176.JPG
84,84,82,G,广汽传祺,Logo\82.JPG
85,85,152,G,观致,Logo\152.JPG
86,86,108,G,广汽吉奥,Logo\108.JPG
87,87,112,G,GMC,Logo\112.JPG
88,88,304,G,国金汽车,Logo\304.JPG
89,89,313,G,广汽新能源,Logo\313.JPG
90,90,190,G,GAZ,Logo\190.JPG
91,91,277,G,GLM,Logo\277.JPG
92,92,230,G,GTA,Logo\230.JPG
93,93,115,G,Gumpert,Logo\115.JPG
94,94,207,G,谷歌,Logo\207.JPG
95,95,116,G,光冈,Logo\116.JPG
96,96,329,G,广汽集团,Logo\329.JPG
97,97,181,H,哈弗,Logo\181.JPG
98,98,91,H,红旗,Logo\91.JPG
99,99,86,H,海马,Logo\86.JPG
100,100,97,H,黄海,Logo\97.JPG
101,101,87,H,华泰,Logo\87.JPG
102,102,164,H,恒天,Logo\164.JPG
103,103,260,H,华泰新能源,Logo\260.JPG
104,104,24,H,哈飞,Logo\24.JPG
105,105,245,H,华凯,Logo\245.JPG
106,106,220,H,华颂,Logo\220.JPG
107,107,150,H,海格,Logo\150.JPG
108,108,267,H,汉腾汽车,Logo\267.JPG
109,109,184,H,华骐,Logo\184.JPG
110,110,170,H,Hennessey,Logo\170.JPG
111,111,43,H,悍马,Logo\43.JPG
112,112,309,H,合众,Logo\309.JPG
113,113,237,H,华利,Logo\237.JPG
114,114,85,H,华普,Logo\85.JPG
115,115,240,H,霍顿,Logo\240.JPG
116,116,188,I,Icona,Logo\188.JPG
117,117,274,I,Inferno,Logo\274.JPG
118,118,288,I,Italdesign,Logo\288.JPG
119,119,25,J,吉利汽车,Logo\25.JPG
120,120,46,J,Jeep,Logo\46.JPG
121,121,44,J,捷豹,Logo\44.JPG
122,122,84,J,江淮,Logo\84.JPG
123,123,83,J,金杯,Logo\83.JPG
124,124,119,J,江铃,Logo\119.JPG
125,125,145,J,金龙,Logo\145.JPG
126,126,151,J,九龙,Logo\151.JPG
127,127,270,J,江铃集团新能源,Logo\270.JPG
128,128,210,J,江铃集团轻汽,Logo\210.JPG
129,129,175,J,金旅,Logo\175.JPG
130,130,297,J,君马汽车,Logo\297.JPG
131,131,319,J,捷途,Logo\319.JPG
132,132,315,J,Jannarelly,Logo\315.JPG
133,133,209,J,佳跃,Logo\209.JPG
134,134,281,J,奇点汽车,Logo\281.JPG
135,135,47,K,凯迪拉克,Logo\47.JPG
136,136,109,K,KTM,Logo\109.JPG
137,137,9,K,克莱斯勒,Logo\9.JPG
138,138,199,K,卡威,Logo\199.JPG
139,139,101,K,开瑞,Logo\101.JPG
140,140,214,K,凯翼,Logo\214.JPG
141,141,219,K,康迪全球鹰,Logo\219.JPG
142,142,100,K,科尼赛克,Logo\100.JPG
143,143,156,K,卡尔森,Logo\156.JPG
144,144,191,K,开利,Logo\191.JPG
145,145,139,K,凯佰赫,Logo\139.JPG
146,146,52,L,雷克萨斯,Logo\52.JPG
147,147,49,L,路虎,Logo\49.JPG
148,148,51,L,林肯,Logo\51.JPG
149,149,53,L,铃木,Logo\53.JPG
150,150,54,L,劳斯莱斯,Logo\54.JPG
151,151,10,L,雷诺,Logo\10.JPG
152,152,48,L,兰博基尼,Logo\48.JPG
153,153,78,L,猎豹汽车,Logo\78.JPG
154,154,279,L,领克,Logo\279.JPG
155,155,88,L,陆风,Logo\88.JPG
156,156,241,L,LOCAL MOTORS,Logo\241.JPG
157,157,80,L,力帆汽车,Logo\80.JPG
158,158,89,L,莲花汽车,Logo\89.JPG
159,159,215,L,雷丁,Logo\215.JPG
160,160,124,L,理念,Logo\124.JPG
161,161,50,L,路特斯,Logo\50.JPG
162,162,118,L,Lorinser,Logo\118.JPG
163,163,204,L,陆地方舟,Logo\204.JPG
164,164,265,L,LeSEE,Logo\265.JPG
165,165,320,L,LEVC,Logo\320.JPG
166,166,285,L,Lucid,Logo\285.JPG
167,167,244,L,拉达,Logo\244.JPG
168,168,323,L,拉共达,Logo\323.JPG
169,169,121,L,蓝旗亚,Logo\121.JPG
170,170,183,L,朗世,Logo\183.JPG
171,171,261,L,雷诺三星,Logo\261.JPG
172,172,318,L,零跑汽车,Logo\318.JPG
173,173,225,L,领志,Logo\225.JPG
174,174,316,L,绿驰,Logo\316.JPG
175,175,58,M,马自达,Logo\58.JPG
176,176,20,M,名爵,Logo\20.JPG
177,177,57,M,玛莎拉蒂,Logo\57.JPG
178,178,129,M,迈凯伦,Logo\129.JPG
179,179,56,M,MINI,Logo\56.JPG
180,180,168,M,摩根,Logo\168.JPG
181,181,55,M,迈巴赫,Logo\55.JPG
182,182,229,M,MAGNA,Logo\229.JPG
183,183,250,M,Mahindra,Logo\250.JPG
184,184,268,M,Mazzanti,Logo\268.JPG
185,185,130,N,纳智捷,Logo\130.JPG
186,186,213,N,南京金龙,Logo\213.JPG
187,187,228,N,nanoFLOWCELL,Logo\228.JPG
188,188,295,N,NEVS,Logo\295.JPG
189,189,136,N,Noble,Logo\136.JPG
190,190,60,O,讴歌,Logo\60.JPG
191,191,146,O,欧朗,Logo\146.JPG
192,192,59,O,欧宝,Logo\59.JPG
193,193,331,O,欧拉,Logo\331.JPG
194,194,242,O,欧联,Logo\242.JPG
195,195,332,O,欧尚汽车,Logo\332.JPG
196,196,61,P,帕加尼,Logo\61.JPG
197,197,308,P,Polestar,Logo\308.JPG
198,198,186,P,佩奇奥,Logo\186.JPG
199,199,62,Q,起亚,Logo\62.JPG
200,200,26,Q,奇瑞,Logo\26.JPG
201,201,122,Q,启辰,Logo\122.JPG
202,202,289,Q,祺智,Logo\289.JPG
203,203,312,Q,庆铃汽车,Logo\312.JPG
204,204,235,Q,前途,Logo\235.JPG
205,205,222,Q,乔治·巴顿,Logo\222.JPG
206,206,63,R,日产,Logo\63.JPG
207,207,19,R,荣威,Logo\19.JPG
208,208,174,R,如虎,Logo\174.JPG
209,209,296,R,瑞驰新能源,Logo\296.JPG
210,210,254,R,Radical,Logo\254.JPG
211,211,227,R,RENOVO,Logo\227.JPG
212,212,239,R,Rezvani,Logo\239.JPG
213,213,252,R,Rimac,Logo\252.JPG
214,214,193,R,Rinspeed,Logo\193.JPG
215,215,103,R,瑞麒,Logo\103.JPG
216,216,67,S,斯柯达,Logo\67.JPG
217,217,68,S,三菱,Logo\68.JPG
218,218,65,S,斯巴鲁,Logo\65.JPG
219,219,155,S,上汽大通,Logo\155.JPG
220,220,69,S,双龙,Logo\69.JPG
221,221,205,S,赛麟,Logo\205.JPG
222,222,45,S,smart,Logo\45.JPG
223,223,162,S,思铭,Logo\162.JPG
224,224,269,S,SWM斯威汽车,Logo\269.JPG
225,225,137,S,Scion,Logo\137.JPG
226,226,325,S,SF MOTORS,Logo\325.JPG
227,227,258,S,SIN CARS,Logo\258.JPG
228,228,330,S,SOL,Logo\330.JPG
229,229,127,S,SPIRRA,Logo\127.JPG
230,230,138,S,SSC,Logo\138.JPG
231,231,64,S,萨博,Logo\64.JPG
232,232,178,S,上海,Logo\178.JPG
233,233,66,S,世爵,Logo\66.JPG
234,234,147,S,首望,Logo\147.JPG
235,235,90,S,双环,Logo\90.JPG
236,236,226,S,斯太尔,Logo\226.JPG
237,237,133,T,特斯拉,Logo\133.JPG
238,238,202,T,泰卡特,Logo\202.JPG
239,239,161,T,腾势,Logo\161.JPG
240,240,236,T,TOROIDION,Logo\236.JPG
241,241,125,T,Tramontana,Logo\125.JPG
242,242,135,T,TVR,Logo\135.JPG
243,243,200,T,塔塔,Logo\200.GIF
244,244,255,T,泰克鲁斯·腾风,Logo\255.JPG
245,245,287,V,Vanda Electric,Logo\287.JPG
246,246,249,V,VLF Automotive,Logo\249.JPG
247,247,70,W,沃尔沃,Logo\70.GIF
248,248,283,W,WEY,Logo\283.JPG
249,249,114,W,五菱汽车,Logo\114.JPG
250,250,284,W,蔚来,Logo\284.JPG
251,251,167,W,五十铃,Logo\167.JPG
252,252,291,W,威马汽车,Logo\291.JPG
253,253,192,W,潍柴英致,Logo\192.JPG
254,254,233,W,W Motors,Logo\233.JPG
255,255,102,W,威麟,Logo\102.JPG
256,256,99,W,威兹曼,Logo\99.JPG
257,257,159,W,沃克斯豪尔,Logo\159.JPG
258,258,12,X,现代,Logo\12.JPG
259,259,71,X,雪佛兰,Logo\71.JPG
260,260,72,X,雪铁龙,Logo\72.JPG
261,261,185,X,新凯,Logo\185.JPG
262,262,306,X,鑫源,Logo\306.JPG
263,263,324,X,新特汽车,Logo\324.JPG
264,264,275,X,小鹏汽车,Logo\275.JPG
265,265,98,X,西雅特,Logo\98.JPG
266,266,73,Y,英菲尼迪,Logo\73.JPG
267,267,110,Y,一汽,Logo\110.JPG
268,268,111,Y,野马汽车,Logo\111.JPG
269,269,144,Y,依维柯,Logo\144.JPG
270,270,263,Y,驭胜,Logo\263.JPG
271,271,286,Y,云度,Logo\286.JPG
272,272,232,Y,御捷,Logo\232.JPG
273,273,307,Y,裕路,Logo\307.JPG
274,274,93,Y,永源,Logo\93.JPG
275,275,317,Y,云雀汽车,Logo\317.JPG
276,276,247,Y,YAMAHA,Logo\247.JPG
277,277,243,Y,游侠,Logo\243.JPG
278,278,94,Z,众泰,Logo\94.JPG
279,279,22,Z,中华,Logo\22.JPG
280,280,74,Z,中兴,Logo\74.JPG
281,281,206,Z,知豆,Logo\206.JPG
282,282,182,Z,之诺,Logo\182.JPG
283,283,153,Z,Zenvo,Logo\153.JPG
284,284,290,Z,正道汽车,Logo\290.JPG
